Site,F1km_square,lat,long,year,bait,OBJECTID,FID_habitatinfo201520182__Buffer,FREQUENCY,SUM_legth_met,OBJECTID_1,FID_habitatinfo201520182__Buffer_1,FREQUENCY_1,SUM_Length_metres_rivers
Aberdelghy Golf Course,J 2866,54.526199679999998,-6.023733614000000,1,sunflower and peanuts,1,1,229,19862.756135004765383,1,1,10,5259.130385097982071
Aghadulla,H 3667,54.550057860000003,-7.444421272000000,1,sunflower and peanuts,2,2,7,3030.391216910322328,2,2,6,3191.775441090195272
Aghagrefin,H 1866,54.542033170000003,-7.722640076000000,1,sunflower and peanuts,3,3,20,5176.975099430347655,3,3,4,367.518349406613709
Aghamakane wood,J 0223,54.145949170000002,-6.439821390000000,1,sunflower and peanuts,4,4,10,3349.506086974463415,4,4,8,3636.165490396575933
Aghavoory,H 4545,54.351720149999998,-7.308689007000000,1,sunflower and peanuts,5,5,4,1673.326752835399930,5,5,4,369.536102890337474
Alderwood,H 4745,54.351539979999998,-7.277933571000000,1,sunflower and peanuts,6,6,1,652.062467424716374,6,6,6,1417.003552452772055
Altmore,H 6667,54.547039720000001,-6.980878805000000,1,sunflower and peanuts,7,7,1,752.235677290686908,7,7,12,2187.557573034226607
Altnarichard 1,D 1129,55.095863420000001,-6.262040557000000,1,sunflower and peanuts,8,8,1,152.099523954707223,8,8,32,5856.445053513664789
Annalong,J 3522,54.129369810000000,-5.935581913000000,1,sunflower and peanuts,10,10,44,6226.511427380980422,9,10,2,314.211897044933949
Ardmore,C 4713,54.962336000000001,-7.267015542000000,1,sunflower and peanuts,11,11,46,6207.507822759919691,10,11,16,2958.262202941812120
Ardress House ,H 9555,54.434670599999997,-6.536747634000000,1,sunflower and peanuts,12,12,8,1006.645566213011534,11,12,4,4043.378339995984788
Ashbrooke House,C 4614,54.971410990000003,-7.282465405000000,1,sunflower and peanuts,13,13,105,9190.661549625203406,12,13,4,841.377890590979632
Ashmenagh mountain,H 5277,54.638491469999998,-7.195418434000000,1,sunflower and peanuts,14,14,7,2231.620481942063634,13,14,4,2416.035509845226898
Aughentaine,H 4651,54.405527550000002,-7.292384421000000,1,sunflower and peanuts,15,15,10,2688.770283892670705,14,15,20,4367.964910214770498
Backaderry wood ,J 3339,54.282516649999998,-5.958640613000000,1,sunflower and peanuts,16,16,27,4187.012486618737967,15,16,23,3382.369221191870565
Ballinarees,C 8029,55.101824039999997,-6.747472289000000,1,sunflower and peanuts,17,17,10,2711.343226871000752,16,17,4,2058.577238486433544
Ballintemple,J 0322,54.136769510000001,-6.424865579000000,1,sunflower and peanuts,18,18,3,1412.192046372830191,17,18,15,3004.300058747314324
Ballybogey,C 9039,55.189908230000000,-6.587693048000000,1,sunflower and peanuts,19,19,18,3900.982727035415792,18,19,4,1813.531599497910292
Ballyboley,J 3099,54.821946500000003,-5.978190932000000,1,sunflower and peanuts,20,20,5,1273.575850375686969,19,20,12,3278.369930872144323
Ballygudden Road,C 5319,55.015624670000001,-7.172248591000000,1,sunflower and peanuts,21,22,35,3884.267266709595788,20,22,12,3536.612246589066217
Ballykelly Forest,C 6021,55.032793470000001,-7.062419639000000,1,sunflower and peanuts,22,23,19,4513.361828967327710,21,23,18,3405.168038329614774
Ballykelly River,C 6220,55.023567280000002,-7.031363511000000,1,sunflower and peanuts,23,24,17,3917.940026697111080,22,24,10,2736.616205709101450
Ballylough,C 9536,55.162036299999997,-6.510224035000000,1,sunflower and peanuts,24,25,4,1428.534849020855745,23,25,4,2208.193950487758684
Ballypatrick,D 1736,55.157330479999999,-6.165227825000000,1,sunflower and peanuts,27,28,9,3392.242114988204321,24,28,26,5323.508920622416554
"Ballyportery Rd, Scroogs",D 0522,55.034316990000001,-6.358556026000000,1,sunflower and peanuts,28,29,12,2510.971860529362857,25,29,17,5209.108387348758697
Banagher Glen,C 6901,54.852007479999997,-6.926493939000000,1,sunflower and peanuts,32,34,2,1007.806936137401635,26,34,16,2279.089668999380137
Bashford's land wood,J 4190,54.738189820000002,-5.811553547000000,1,sunflower and peanuts,33,35,93,11015.554496325961736,27,35,8,2445.852910771435290
Belle Isle,H 2935,54.263046690000003,-7.555712535000000,1,sunflower and peanuts,34,36,12,1371.958098886612561,28,36,1,1262.976081735359685
Belmore forest/Pollingllum caves,H 1143,54.335617079999999,-7.831643653000000,1,sunflower and peanuts,35,37,7,3314.871295870212180,29,37,12,3903.624463078681856
Belvoir Golf Club ,J 3470,54.560559519999998,-5.929308140000000,1,sunflower and peanuts,36,38,79,11905.646186167250562,30,38,21,5461.953643895423738
Belvoir Park Forest,J 3370,54.560823030000002,-5.944755566000000,1,sunflower and peanuts,37,39,146,14897.886627056219368,31,39,4,696.828712951023363
Ben Vista,D 0822,55.033675250000002,-6.311658535000000,1,sunflower and peanuts,38,40,7,2485.555021580190441,32,40,18,5204.642689702432108
Benburb,H 8151,54.401166279999998,-6.753524171000000,1,sunflower and peanuts,39,41,17,2752.144354894646312,33,41,6,1913.717220847107001
Ben's Hill,J 3942,54.307854339999999,-5.865191324000000,1,sunflower and peanuts,40,42,10,2668.807108820017675,34,42,6,1722.837249479840693
Benvardin,C 9431,55.117330369999998,-6.527562435000000,1,sunflower and peanuts,,,,,35,43,6,2256.577518683656308
Big Gortagole,C 9605,54.883482409999999,-6.504940391000000,1,sunflower and peanuts,41,44,35,5486.776058063724122,36,44,4,2321.529474250671228
Blackrock Wood,H 4183,54.693398510000002,-7.364922827000000,1,sunflower and peanuts,44,47,6,2819.157557212608026,37,47,14,5041.927261139227085
Bohill Forest,J 3946,54.343763410000001,-5.863329857000000,1,sunflower and peanuts,45,48,22,4604.995807432918809,38,48,4,142.217480355155828
Bolies wood,C 4215,54.980745550000002,-7.344773996000000,1,sunflower and peanuts,46,49,111,11098.088751595729263,39,49,9,2112.975834109069638
Bracknamuckley,C 9705,54.883289650000002,-6.489365032000000,1,sunflower and peanuts,48,51,19,5450.600276162568662,40,51,30,4427.960279452683608
Bradkeel Forest,H 5093,54.782407210000002,-7.223647646000000,1,sunflower and peanuts,49,52,10,3695.235587351698086,41,52,16,4813.989590506190325
Breen pine wood,D 1233,55.131551459999997,-6.244810174000000,1,sunflower and peanuts,50,53,1,679.340321620410919,42,53,22,4337.261096746683506
Brockagh mountain,C 5314,54.970716760000002,-7.173172828000000,1,sunflower and peanuts,52,55,23,4310.106957866956691,43,55,10,2514.874049340716738
Brockagh road,C 5216,54.988785219999997,-7.188423345000000,1,sunflower and peanuts,53,56,36,4695.174103978879430,44,56,16,3914.703745466068085
Brollagh,H 9455,54.434856269999997,-6.552152666000000,1,sunflower and peanuts,54,57,17,3164.104521826477139,45,57,4,3026.345581809964642
"Bunker hill, Donnybrewer",C 5021,55.033898000000001,-7.218790564000000,1,sunflower and peanuts,55,58,86,8870.227403003185827,46,58,16,3162.273951097245117
Burn Dennett area,C 4304,54.881858430000001,-7.330799864000000,1,sunflower and peanuts,56,59,7,2760.903891561263208,47,59,12,2512.165144025831069
Cam Forest 02,C 7523,55.048721239999999,-6.827361040000000,1,sunflower and peanuts,59,62,8,1924.518420715485263,48,62,16,5185.208408837181196
Camlough,J 0525,54.163305999999999,-6.393235780000000,1,sunflower and peanuts,60,63,4,2300.709727094757000,49,63,20,1171.994362247676463
Capanagh wood,D 2904,54.867090689999998,-5.991509082000000,1,sunflower and peanuts,61,64,1,1268.533775989623336,50,64,8,2145.187582479746197
Capecastle,D 0737,55.168568880000002,-6.321654506000000,1,sunflower and peanuts,62,65,4,1642.516925392085795,51,65,4,794.452027887845361
Carnagh,H 8229,54.203416019999999,-6.744161454000000,1,sunflower and peanuts,63,66,16,4430.228008712407245,52,66,5,562.301011424692433
Carndaisy Glen,H 8385,54.706195829999999,-6.713156384000000,1,sunflower and peanuts,64,67,12,2887.469962673747432,53,67,12,2590.502589969266410
Carnduff Thompson,D 4000,54.828232470000003,-5.822246720000000,1,sunflower and peanuts,65,68,50,7084.360799593753654,54,68,13,1795.069305864909666
Carrick River,C 6818,55.004822429999997,-6.938043876000000,1,sunflower and peanuts,66,69,17,3668.160627702950023,55,69,18,3852.439883169828590
Carrickastickan,J 0117,54.092263140000000,-6.457121889000000,1,sunflower and peanuts,67,70,36,4774.605470089903974,56,70,18,3444.815421281383351
Carrickyheenan Forest/Bonnisnagable,H 4338,54.289012010000000,-7.340451935000000,1,sunflower and peanuts,68,71,3,1332.377269455074384,57,71,14,3496.294094362755004
Carrowhony,H 3039,54.298922290000000,-7.539966656000000,1,sunflower and peanuts,69,72,18,5101.697092672369763,58,72,27,4341.123255692696148
Cashel wood,H 6583,54.690875990000002,-6.992784000000000,1,sunflower and peanuts,70,73,2,1284.595958171125403,59,73,8,2301.700570032601718
Castle Coole,H 2643,54.335074370000001,-7.601054259000000,1,sunflower and peanuts,71,74,34,6400.997124098594213,60,74,12,2747.579297795958610
Castle Dillan,H 9147,54.363555759999997,-6.600817108000000,1,sunflower and peanuts,73,76,15,3966.100788512252166,61,76,8,3115.190775118655438
Castlecaldwell,H 0160,54.488451640000001,-7.985316965000000,1,sunflower and peanuts,74,77,15,3708.653476383231464,62,77,5,1927.919722215026923
Castleward,J 5748,54.356498309999999,-5.585745848000000,1,sunflower and peanuts,75,78,26,4653.193338584798767,63,78,4,1682.221647142900565
Castlewoods,J 4037,54.262695280000003,-5.852177324000000,1,sunflower and peanuts,77,80,92,9799.796883114851880,64,80,4,2480.306712871506534
Church Wood,H 7452,54.411212450000001,-6.861035126000000,1,sunflower and peanuts,78,81,10,2838.840837529423425,65,81,8,463.197014666873031
Cladagh Glen,H 1235,54.263726550000001,-7.816591170000000,1,sunflower and peanuts,80,83,25,4604.262668001456404,66,83,16,3287.220084195136224
Clandeboye,J 4877,54.619495100000002,-5.709546764000000,1,sunflower and peanuts,81,84,19,4427.254625905180546,67,84,2,1095.629777501123954
Clare Glen,J 0143,54.325753820000003,-6.448392339000000,1,sunflower and peanuts,82,85,35,4593.747936636838858,68,85,18,3643.383013408376428
Clare Wood,D 0642,55.213676030000002,-6.335467958000000,1,sunflower and peanuts,83,86,5,2997.532220010302808,69,86,4,2310.471907136723530
Clare Wood 2,D 0741,55.204482360000000,-6.320143503000000,1,sunflower and peanuts,84,87,3,1980.135921244066139,70,87,4,1330.417959655475670
Clarkhill,J 4394,54.773530070000000,-5.778560671000000,1,sunflower and peanuts,85,88,18,3183.445585263613339,71,88,12,3092.629516775213688
Claudy CP,C 5406,54.898756489999997,-7.159061246000000,1,sunflower and peanuts,86,89,20,4525.242586627199671,72,89,10,3023.450294958346149
Clements wood,J 3497,54.802940569999997,-5.916927890000000,1,sunflower and peanuts,87,90,68,10351.756073090584323,73,90,12,2462.906313581426730
Clocnaboghill,H 4632,54.234853600000001,-7.295308939000000,1,sunflower and peanuts,88,91,14,3245.334796053681202,74,91,24,7886.294155706335914
Cloghcor Hill,H 5248,54.378003020000001,-7.200523089000000,1,sunflower and peanuts,89,92,5,2007.348477044812398,75,92,6,2688.464212733871591
Clonturkle,H 2328,54.200466689999999,-7.648321621000000,1,sunflower and peanuts,90,93,4,1834.071095020410667,76,93,12,2158.031330231451193
Coagh Wood/Ely Lodge block,H 2047,54.371277700000000,-7.693021024000000,1,sunflower and peanuts,92,95,7,1896.777609956088781,77,95,4,2315.248243807715426
Cold Brae,H 9527,54.183213109999997,-6.545644201000000,1,sunflower and peanuts,93,96,18,4714.784806849571396,78,96,8,1094.052044152239205
Colebrooke estate,H 3845,54.352289030000001,-7.416335542000000,1,sunflower and peanuts,94,97,5,1340.443681085172557,79,97,23,5599.576805882209555
Colin Glen,J 2870,54.562111020000003,-6.021996387000000,1,sunflower and peanuts,95,98,333,27320.602035716707178,80,98,4,2390.619362007250857
Coolaveely 2,D 1337,55.167236629999998,-6.227548391000000,1,sunflower and peanuts,96,99,5,1417.079732472260048,81,99,22,5750.882316934485971
Coolnasilagh Forest,H 4232,54.235196790000003,-7.356646709000000,1,sunflower and peanuts,97,100,10,1790.882782488409021,82,100,6,2082.599712677106254
Cooltrain wood,H 2834,54.254118939999998,-7.571151311000000,1,sunflower and peanuts,,,,,83,101,1,625.831961811620431
Copeland Reservoir,J 4292,54.755861150000001,-5.795064371000000,1,sunflower and peanuts,98,102,11,2922.684313921283774,84,102,4,2661.369951276050870
Corcloghy/Beagh ,H 5646,54.359614710000002,-7.139350803000000,1,sunflower and peanuts,,,,,85,103,36,5975.277152266107805
Corfracloghy,J 0414,54.064725209999999,-6.412319882000000,1,sunflower and peanuts,99,104,38,5901.753028274009921,86,104,1,202.248945701701899
Corlatt Wood,H 3523,54.154872429999998,-7.465036550000000,1,sunflower and peanuts,100,105,8,581.178562050996106,87,105,11,1977.356226591067752
Cornakessagh/Lisneaskea forest,H 4041,54.316204350000000,-7.386114807000000,1,sunflower and peanuts,101,106,6,2108.620376397778273,88,106,4,1412.060940932923586
Corragunt Forest,H 5138,54.288277350000001,-7.217618336000000,1,sunflower and peanuts,102,107,6,3337.643977524197908,89,107,21,7248.601525376420796
Corralea/Braneen,H 0440,54.308769009999999,-7.939293904000000,1,sunflower and peanuts,103,108,4,500.235435332638190,90,108,1,523.170141786847807
Correl glen ,H 0754,54.434504889999999,-7.892877258000000,1,sunflower and peanuts,104,109,4,289.693807023270779,91,109,6,1595.508085099307209
Cottage hill,H 6751,54.403199250000000,-6.969050712000000,1,sunflower and peanuts,105,110,11,2471.036819477033532,92,110,5,4095.392922688551153
Craigs wood,C 9917,54.990650219999999,-6.454085286000000,1,sunflower and peanuts,106,111,5,2574.296515048386482,93,111,2,317.271383038169688
Cranny Falls,D 2718,54.993283110000000,-6.016461216000000,1,sunflower and peanuts,107,112,5,2095.228376073706841,94,112,28,5959.156833258339248
Cregagh Glen,H 3670,54.577006070000003,-7.444054523000000,1,sunflower and peanuts,108,113,5,558.864618657950359,95,113,12,3302.527251215986325
Creggan,H 6179,54.655448659999998,-7.055637333000000,1,sunflower and peanuts,109,114,9,3182.807687464578066,96,114,2,94.847837908738043
Creightons wood,J 4278,54.630192549999997,-5.801871613000000,1,sunflower and peanuts,110,115,17,5426.089753922258751,97,115,2,450.790835201700418
Crievehill quarry,H 4048,54.379085099999998,-7.385176394000000,1,sunflower and peanuts,111,116,12,2928.980380628027888,98,116,6,760.620518568995635
Crocknafeola,J 2722,54.131406069999997,-6.057881737000000,1,sunflower and peanuts,112,117,11,2713.505462348225137,99,117,8,2251.378256046735714
Cullenfhad  ?,H 7360,54.483209539999997,-6.874463627000000,1,sunflower and peanuts,114,119,36,7097.493627133522750,100,119,14,4526.171183031662622
Cullion,H 4781,54.674910490000002,-7.272204535000000,1,sunflower and peanuts,115,120,13,3090.866510227498566,101,120,12,3981.557347419025064
Curragh wood/ Kesh,H 1264,54.524244150000001,-7.815423169000000,1,sunflower and peanuts,116,121,4,233.856410317638080,102,121,3,1157.081322894511459
Curryfree,C 4310,54.935750599999999,-7.329904815000000,1,sunflower and peanuts,117,122,11,3235.799098911132660,103,122,4,2195.710760237018349
Darkley,H 8630,54.211742760000000,-6.682596367000000,1,sunflower and peanuts,118,123,15,4329.273179009729574,104,123,18,3472.090101398317074
Davagh 1,H 7086,54.717150680000003,-6.914543618000000,1,sunflower and peanuts,119,124,21,6095.313728746116794,105,124,20,4598.125097172131063
Davagh 3,H 7384,54.698762490000000,-6.868502202000000,1,sunflower and peanuts,120,125,2,1398.485935426537935,106,125,4,842.569734572064135
Derrandoran ,H 3576,54.630972340000000,-7.458802568000000,1,sunflower and peanuts,121,126,1,348.065906434800411,107,126,18,4134.277033750478040
Derriaghy glen,H 2968,54.559489450000001,-7.552493341000000,1,sunflower and peanuts,122,127,3,1414.750850658190075,108,127,18,4065.405062432690102
Derryhoney,H 3241,54.316767560000002,-7.509035338000000,1,sunflower and peanuts,125,130,7,2248.403682077890608,109,130,4,626.345727899183430
Derryleckagh Forest,J 1225,54.161828550000003,-6.286119904000000,1,sunflower and peanuts,126,131,15,1899.835469013904230,110,131,2,337.742537604317022
Derrylin wood,H 2627,54.191340120000000,-7.602440875000000,1,sunflower and peanuts,127,132,5,2784.302278942273006,111,132,5,4168.984785727243434
Derrymean,H 4329,54.208164689999997,-7.341741195000000,1,sunflower and peanuts,128,133,1,1137.350884144663269,112,133,16,4723.579169236181770
Derrynoyd,H 7695,54.797109880000001,-6.819110062000000,1,sunflower and peanuts,129,134,19,3816.187786165227863,113,134,18,3775.133497623221047
Dooneen Forest,H 3753,54.424226290000000,-7.430719456000000,1,sunflower and peanuts,130,135,2,1119.343382245973544,114,135,4,1934.994544666883030
Downhill,C 7535,55.156486850000000,-6.824200382000000,1,sunflower and peanuts,131,136,16,3690.153904484801387,115,136,12,3672.641690005165856
Dreenan,H 2086,54.721616800000000,-7.690376387000000,1,sunflower and peanuts,132,137,8,3102.987389768496996,116,137,16,2111.670260843469805
Dromantine,J 0835,54.252483900000001,-6.343737914000000,1,sunflower and peanuts,133,138,18,4722.754481444890189,117,138,4,1421.450100593392335
Drumany Kesh,H 1767,54.551050740000001,-7.738032685000000,1,sunflower and peanuts,135,140,13,1879.426583430346454,118,140,12,4433.636388166041797
Drumbanagher,J 0537,54.271067590000001,-6.389045133000000,1,sunflower and peanuts,136,141,4,1191.086197535998508,119,141,4,2296.130817674208629
Drumcairne,H 8770,54.570812689999997,-6.655575862000000,1,sunflower and peanuts,137,142,23,3559.879928921619921,120,142,4,2538.671861481826909
Drumkeeran,H 2067,54.550941340000001,-7.691671897000000,1,sunflower and peanuts,138,143,4,1530.514525201771448,121,143,4,2530.700316755604490
Dunlade Glebe,C 5616,54.988352159999998,-7.125944358000000,1,sunflower and peanuts,139,144,9,2568.200724931601599,122,144,12,2740.196759856840345
Dunmoyle,H 6162,54.502756050000002,-7.059163097000000,1,sunflower and peanuts,140,145,3,1199.071480555770222,123,145,12,2005.987817148036129
Dunmurry,J 2868,54.544155379999999,-6.022865479000000,1,sunflower and peanuts,141,146,443,28084.979660537777818,124,146,28,4684.493310624653532
Dunmurry Golf Club,J 3068,54.543646440000003,-5.991981970000000,1,sunflower and peanuts,142,147,70,9506.749115515198355,125,147,14,4148.711068232664729
Edenegan,H 3358,54.469416039999999,-7.491784872000000,1,sunflower and peanuts,143,148,4,2077.319850392499120,126,148,8,3163.013956853720629
Edenmore,H 3159,54.478524870000001,-7.522525150000000,1,sunflower and peanuts,144,149,7,1496.145859442773144,127,149,12,4890.814367870091701
Annagarrif/peatlands,H 9061,54.489463360000002,-6.611951449000000,1,sunflower and peanuts,9,9,44,7003.084329636122675,,,,
Ballyedmund House ,J 2014,54.061251890000001,-6.168075806000000,1,sunflower and peanuts,,,,,,,,
Ballynahone bog 1,H 8698,54.822438220000002,-6.662785681000000,1,sunflower and peanuts,25,26,2,344.476193743764554,,,,
Ballynahone bog 2,H 8598,54.822608610000003,-6.678338775000000,1,sunflower and peanuts,26,27,18,3278.082309196532151,,,,
Ballywalter,J 6168,54.534750490000000,-5.513420997000000,1,sunflower and peanuts,29,30,18,3777.578280778105182,,,,
Ballywhite,J 5752,54.392400119999998,-5.583637121000000,1,sunflower and peanuts,,,,,,,,
Ballywillwill House,J 3540,54.290970719999997,-5.927503440000000,1,sunflower and peanuts,30,32,26,5150.731031200095458,,,,
Balmoral,J 3270,54.561084569999998,-5.960203240000000,1,sunflower and peanuts,31,33,171,16526.491079631694447,,,,
Big wood/Narrowwater ,J 1120,54.117146220000002,-6.303258764000000,1,sunflower and peanuts,42,45,34,8688.590947344308006,,,,
Binevenagh,C 6931,55.121435660000003,-6.919276541000000,1,sunflower and peanuts,43,46,14,5429.927049388224077,,,,
Boorin Wood,H 5085,54.710550710000000,-7.225021589000000,1,sunflower and peanuts,47,50,5,1262.073239689363618,,,,
Bristow Park,J 3169,54.552366579999997,-5.976095992000000,1,sunflower and peanuts,51,54,200,19541.780440204922343,,,,
Cairns wood/Ballysallagh,J 4577,54.620364490000000,-5.755950073000000,1,sunflower and peanuts,57,60,53,14337.569553335273667,,,,
Cam Forest,C 7821,55.030299210000003,-6.780982721000000,1,sunflower and peanuts,58,61,6,4303.581076729359665,,,,
Castle Coole 2014,H 2642,54.326091079999998,-7.601141279000000,1,sunflower and peanuts,72,75,10,4105.480452616699040,,,,
Castlewellan,J 3237,54.264819590000002,-5.974865186000000,1,sunflower and peanuts,76,79,60,11811.353575040988289,,,,
Clabby,H 4151,54.405954330000000,-7.369374801000000,1,sunflower and peanuts,79,82,21,3976.329342505970544,,,,
Cloonty Wood,H 3680,54.666832540000001,-7.442827632000000,1,sunflower and peanuts,91,94,2,1651.623650942021186,,,,
Cronghill,H 7153,54.420621150000002,-6.906991118000000,1,sunflower and peanuts,113,118,19,4985.564343882619141,,,,
Derrycourtney Forest,H 7246,54.357608569999996,-6.893283111000000,1,sunflower and peanuts,123,128,2,1842.024354046913686,,,,
Derrycrain,H 9178,54.641952799999999,-6.591269604000000,1,sunflower and peanuts,124,129,5,2596.681806114731444,,,,
Drum manor,H 7677,54.635451369999998,-6.823800892000000,1,sunflower and peanuts,134,139,14,4115.607342325989521,,,,
Ely Lodge,H 1851,54.407285369999997,-7.723551367000000,1,sunflower and peanuts,145,150,25,7633.793654699607941,,,,
Enagh Lough,C 4619,55.016320039999997,-7.281663254000000,1,sunflower and peanuts,146,151,174,17503.234246959316806,,,,
Errigal Glen,C 8114,54.966958020000000,-6.736059459000000,1,sunflower and peanuts,147,152,11,1904.738567039961708,128,152,18,4968.115599337705135
Errigal Wood,H 5758,54.467291969999998,-7.121668696000000,1,sunflower and peanuts,148,153,5,1572.486245449632179,129,153,18,5219.488954980040944
Ervey,C 5010,54.935099330000000,-7.220707717000000,1,sunflower and peanuts,149,154,35,8353.052469384911092,130,154,12,3183.354641153212469
"Essbeagh, Ballinamallard",H 2951,54.406778359999997,-7.554158999000000,1,sunflower and peanuts,150,155,8,2289.834030425172386,131,155,12,3456.622557441128720
"Faughanvale, Greysteel",C 5720,55.024164540000001,-7.109529020000000,1,sunflower and peanuts,151,156,20,3658.292101273707885,132,156,8,2686.125388113082408
Favour Royal,H 6253,54.421796389999997,-7.045613296000000,1,sunflower and peanuts,152,157,17,5040.779536296827246,133,157,29,4444.077080476759875
Feeney,C 6315,54.978535899999997,-7.016829987000000,1,sunflower and peanuts,153,158,4,1265.057404185185305,134,158,8,3132.839515117688734
Fews 1,H 9133,54.237823450000000,-6.605075886000000,1,sunflower and peanuts,154,159,7,2870.178615024507508,135,159,4,1912.427960262115221
Fews 2,H 8930,54.211231210000001,-6.636628609000000,1,sunflower and peanuts,155,160,7,3468.274061156917469,136,160,19,2672.315864530070485
Fintona,H 4460,54.486548499999998,-7.321845063000000,1,sunflower and peanuts,156,161,14,2695.682472104797853,137,161,28,4396.071132730104182
Fofanny Dam,J 2828,54.185029399999998,-6.040048318000000,1,sunflower and peanuts,158,163,17,3071.053359428985459,138,163,4,746.253916329759591
Galloon Island,H 3921,54.136618110000001,-7.404074514000000,1,sunflower and peanuts,159,164,9,1494.675765904269383,139,164,2,1071.794068963252357
Garrison Glebe,H 2669,54.568635129999997,-7.598774884000000,1,sunflower and peanuts,161,166,7,2553.839944112456124,140,166,8,2777.324561452587659
Garron Tower,D 2922,55.028677410000000,-5.983432021000000,1,sunflower and peanuts,162,167,9,2064.128427789054513,141,167,22,8118.767729329626491
Garry Bog,C 9529,55.099181340000001,-6.512563569000000,1,sunflower and peanuts,,,,,142,168,10,3593.833989086563179
Garvagh,C 8216,54.984755329999999,-6.719878849000000,1,sunflower and peanuts,163,169,22,3387.088332979114512,143,169,14,4464.439095018893568
Glack wood ,H 4738,54.288660319999998,-7.279034447000000,1,sunflower and peanuts,165,171,9,2259.878109624067747,144,171,18,4184.096725331157359
Glack Wood/Jenkin,H 4641,54.315699770000002,-7.293927437000000,1,sunflower and peanuts,166,172,3,1935.721188798753246,145,172,4,1127.269052234713854
Glenanne,H 9733,54.236723320000003,-6.513086982000000,1,sunflower and peanuts,167,173,21,4987.086084935880535,146,173,4,546.253814484655322
Glenarm,D 3011,54.929671460000002,-5.972788635000000,1,sunflower and peanuts,168,174,20,5990.619358232205741,147,174,18,3545.339900803307955
Glenarm 2,D 2910,54.920953500000003,-5.988825696000000,1,sunflower and peanuts,169,175,14,5629.325301245871742,148,175,4,847.591452943699778
Glenarrif,D 1821,55.022427860000001,-6.155760004000000,1,sunflower and peanuts,170,176,3,1460.564263431686186,149,176,12,4367.365255366426936
Glencunny,H 1941,54.317415670000003,-7.708788791000000,1,sunflower and peanuts,171,177,38,5815.636564942264158,150,177,24,5779.873004355663397
Glendesha,H 9916,54.083670470000001,-6.488003462000000,1,sunflower and peanuts,172,178,21,3799.020026450127261,151,178,33,6145.086996158727743
Glendun,D 2031,55.111725839999998,-6.120302398000000,1,sunflower and peanuts,174,180,7,1888.884801141643948,152,180,28,4240.813241093971556
Glengawna,H 4779,54.656945919999998,-7.272525805000000,1,sunflower and peanuts,175,181,5,1370.984150662643287,153,181,4,2347.258995535925806
Glenmore,H 6560,54.484295969999998,-6.997869719000000,1,sunflower and peanuts,176,182,14,3634.804958207764685,154,182,8,2007.778967928075417
Glenshane,C 7703,54.868803909999997,-6.801438436000000,1,sunflower and peanuts,177,183,11,2769.200860089883463,155,183,20,5469.202165487155980
Glynn Hill,J 4099,54.819256189999997,-5.822729980000000,1,sunflower and peanuts,178,184,20,5269.812849883857780,156,184,24,3330.401864493607263
Goles Wood,H 6894,54.789275429999996,-6.943702573000000,1,sunflower and peanuts,179,185,6,3166.576680570866301,157,185,22,4843.607916514494718
Gortin Glen,H 4782,54.683892749999998,-7.272043767000000,1,sunflower and peanuts,180,186,17,4152.154172130457482,158,186,20,4773.435411689001739
Gortmullan wood,H 2722,54.146370959999999,-7.587569356000000,1,sunflower and peanuts,181,187,6,2793.422658609303198,159,187,52,9692.918633737292112
Gortnamoyagh 2,C 7815,54.976416389999997,-6.782616188000000,1,sunflower and peanuts,182,188,5,1938.797261442430681,160,188,10,3447.270364306091324
Gosford,H 9740,54.299587289999998,-6.510821681000000,1,sunflower and peanuts,183,189,35,6802.759810758365347,161,189,10,4873.302685843264953
Goudy Bridge,J 1064,54.512464150000000,-6.302349999000000,1,sunflower and peanuts,184,190,30,3403.614650471934056,162,190,12,4096.889370000930285
Groomsport,J 5383,54.671858720000003,-5.629079457000000,1,sunflower and peanuts,185,191,61,8182.386493072743178,163,191,4,1721.719337607947864
Harry's Road,J 2460,54.473323829999998,-6.087994042000000,1,sunflower and peanuts,186,192,77,9905.797296444461608,164,192,4,2262.702987110225877
Heagles ,C 9032,55.127051410000000,-6.589913277000000,1,sunflower and peanuts,187,193,8,2457.000680963038576,165,193,4,1805.364806592860077
Hollymount,J 4643,54.314880320000000,-5.757246080000000,1,sunflower and peanuts,188,194,29,4284.626055976902535,166,194,10,3275.436884141672181
Iniscarn,H 8390,54.751099040000000,-6.711732260000000,1,sunflower and peanuts,189,195,12,3517.930869652916499,167,195,8,2354.702126128990585
Isle of Carnmoon,C 9839,55.188389110000003,-6.462136125000000,1,sunflower and peanuts,190,196,3,1102.096979319884895,168,196,6,1445.453922344764351
Jamieson's wood,C 5219,55.015730030000000,-7.187878964000000,1,sunflower and peanuts,191,197,23,4143.114032159985072,169,197,14,4199.741367026160333
Killeter,H 0977,54.641086469999998,-7.861357091000000,1,sunflower and peanuts,193,199,2,2817.649867396983609,170,199,34,4379.995385140745384
Killylane reservoir,J 2998,54.813227310000002,-5.994183554000000,1,sunflower and peanuts,194,200,12,1493.199666785504178,171,200,4,2174.629072200908013
Kilmore Wood,H 1645,54.353451939999999,-7.754672581000000,1,sunflower and peanuts,197,203,2,154.068560636489195,172,203,4,2448.813797702583543
Kilmoyle,D 0436,55.160229149999999,-6.369077096000000,1,sunflower and peanuts,198,204,20,3213.165998055601904,173,204,2,121.560715113408065
Kiloanan Foresrt,H 3932,54.235433710000002,-7.402650845000000,1,sunflower and peanuts,199,205,4,1676.187636256084033,174,205,6,1458.775549557284648
Kilwaughter Quarry,D 3500,54.829602950000002,-5.899991187000000,1,sunflower and peanuts,201,207,35,5671.150478144529188,175,207,12,4310.006160946926684
Knappagh House ,H 8047,54.365398829999997,-6.769993108000000,1,sunflower and peanuts,202,208,13,3411.997398346007685,176,208,4,2431.695513788210519
Knockmany,H 5454,54.431689929999997,-7.168658963000000,1,sunflower and peanuts,203,209,11,2882.775631720602632,177,209,14,5888.309564130595390
Knockninny,H 2730,54.218238929999998,-7.586852899000000,1,sunflower and peanuts,205,211,7,2666.250533495007858,178,211,18,2868.611433112597751
Koram,H 3994,54.792363430000002,-7.394463728000000,1,sunflower and peanuts,206,212,6,2055.794509798168747,179,212,4,1070.152642584990417
Lacefield,J 3973,54.586142879999997,-5.850657456000000,1,sunflower and peanuts,207,213,153,16496.703223425472970,180,213,18,4401.954058160326895
Lack,H 2766,54.541634039999998,-7.583589690000000,1,sunflower and peanuts,208,214,8,2634.648627606713944,181,214,12,2818.834044859048390
Lackagh Burn,C 4500,54.845754550000002,-7.300264621000000,1,sunflower and peanuts,209,215,16,3841.192108009368894,182,215,20,4190.638268996056468
Lackagh Wood,C 4806,54.899367949999998,-7.252572905000000,1,sunflower and peanuts,210,216,11,3324.713376982085720,183,216,4,2459.735656479171212
Lady Dixon Park,J 2968,54.543901890000001,-6.007423604000000,1,sunflower and peanuts,211,217,320,23623.342906396312173,184,217,12,3307.908398621482320
Leckpatrick,C 3602,54.864445990000000,-7.440104480000000,1,sunflower and peanuts,212,218,4,2977.597211106277427,185,218,9,3853.867956650209635
Lime park,H 7545,54.348194929999998,-6.847400468000000,1,sunflower and peanuts,213,219,32,4479.576461249228487,186,219,10,3412.378570626135115
Lisfordhun,H 4193,54.783221949999998,-7.363515384000000,1,sunflower and peanuts,214,220,5,2050.231672008578244,187,220,24,5208.653859284493592
Lislea wood ,H 4826,54.180772589999997,-7.265597665000000,1,sunflower and peanuts,215,221,22,2279.227337369102315,188,221,27,5754.787263507474563
Lissan North,H 7982,54.679896050000004,-6.776004409000000,1,sunflower and peanuts,216,222,24,4108.571828414961601,189,222,12,3332.087503247370478
Lissan South,H 8081,54.670757549999998,-6.760778948000000,1,sunflower and peanuts,217,223,28,5528.348150904036629,190,223,4,805.906965758297360
Longfield - slieve gullion,J 0118,54.101243740000001,-6.456788425000000,1,sunflower and peanuts,218,224,14,3088.283604168010697,191,224,15,5045.985872856170317
Lough Braden,H 2171,54.586832950000002,-7.675933166000000,1,sunflower and peanuts,219,225,15,3191.216745248231291,192,225,16,3551.071545738751411
Lough Gall,H 9152,54.408459460000003,-6.599288175000000,1,sunflower and peanuts,220,226,64,10582.366965079028887,193,226,6,2789.310902889432327
Loughbrickland,J 1042,54.314916150000002,-6.310495863000000,1,sunflower and peanuts,221,227,71,7365.059629487041093,194,227,18,3619.685896126619809
Loughermore Bridge,C 5812,54.952197880000000,-7.095513528000000,1,sunflower and peanuts,222,228,3,1858.653315972126165,195,228,4,1839.549042116522742
Magheramorne house,J 4298,54.809718150000002,-5.792130814000000,1,sunflower and peanuts,223,229,32,5186.991889706254369,196,229,16,4207.880266770785965
Magho,H 0758,54.470438129999998,-7.892783081000000,1,sunflower and peanuts,224,230,1,992.368895618045030,197,230,17,3756.676809583357226
Malone Golf Club ,J 3167,54.534411419999998,-5.976984920000000,1,sunflower and peanuts,225,231,110,9782.797238160817869,198,231,23,5886.123798326370888
Mazes wood ,D 0536,55.160018270000002,-6.353395100000000,1,sunflower and peanuts,227,233,2,1250.599791372732170,199,233,8,1272.550022950704260
Meenakeeran,H 1081,54.676999639999998,-7.845732816000000,1,sunflower and peanuts,229,235,1,30.049510265598009,200,235,55,11101.892696430544675
Minnowburn,J 3268,54.543129610000001,-5.961099432000000,1,sunflower and peanuts,230,236,81,10809.729509650942418,201,236,12,2831.977620677755567
Moss side,D 0134,55.142891980000002,-6.416835903000000,1,sunflower and peanuts,231,237,4,1733.393573512289549,202,237,12,2790.209759077299623
Mount Stewart 02,J 5571,54.563545910000002,-5.604446601000000,1,sunflower and peanuts,232,238,26,6124.547835111137829,203,238,6,1549.122566420088560
Mount Stewart 03,J 5471,54.563850899999998,-5.619891757000000,1,sunflower and peanuts,233,239,26,4580.769341509861079,204,239,12,3468.859601145906709
Mountsandel,C 8530,55.109973380000000,-6.668866573000000,1,sunflower and peanuts,234,240,42,7302.874458104889527,205,240,4,1116.235881673517270
Movarran,H 1772,54.595965990000003,-7.737744078000000,1,sunflower and peanuts,236,242,6,2630.621138320777391,206,242,5,1932.201622007851711
Moyarget wood,D 0539,55.186953879999997,-6.352283933000000,1,sunflower and peanuts,237,243,10,3023.885169162740567,207,243,4,1342.363587715886752
Moyarget wood 2,D 0538,55.177975359999998,-6.352654529000000,1,sunflower and peanuts,238,244,4,1627.611948447018221,208,244,4,1589.814909369360976
Moycraig 2,D 0237,55.169623610000002,-6.400082081000000,1,sunflower and peanuts,239,245,1,612.649668612734217,209,245,7,3416.280237235183449
Moydamlaght,H 7399,54.833478950000000,-6.864735977000000,1,sunflower and peanuts,241,247,4,1816.615159067284367,210,247,18,2635.262449633784854
Moyola,H 9394,54.785269909999997,-6.555201208000000,1,sunflower and peanuts,242,248,18,3628.021295936081970,211,248,14,2862.378280481153979
Muckenragh Forest,H 9154,54.426420829999998,-6.598675426000000,1,sunflower and peanuts,243,249,18,4112.355953044901980,212,249,16,4052.008658570206535
Muckross Point,H 1563,54.515181290000001,-7.769143220000000,1,sunflower and peanuts,,,,,213,250,1,1068.261246875025336
Muff Glen 1,C 5218,55.006748440000003,-7.188060525000000,1,sunflower and peanuts,244,251,12,3463.587483180982872,214,251,12,2372.740138370035766
Mullaghbawn,J 0018,54.101438799999997,-6.472069075000000,1,sunflower and peanuts,245,252,57,5620.203707866347031,215,252,6,1928.509977207281963
Mullaghfhad,H 5141,54.315225490000003,-7.217106932000000,1,sunflower and peanuts,246,253,9,3505.025946441447559,216,253,41,7845.365088141090382
Mullans Glen,H 1979,54.658775530000000,-7.706349702000000,1,sunflower and peanuts,247,254,9,3488.858950238920897,217,254,8,2055.319984612646749
Murlough Bay,D 1842,55.210958630000000,-6.147049543000000,1,sunflower and peanuts,248,255,7,2330.058172465256575,218,255,16,2600.984295532325177
Narrow water 2,J 1220,54.116929679999998,-6.287973617000000,1,sunflower and peanuts,251,258,14,6587.527351311171515,219,258,1,10.649133468896236
Necarne,H 2456,54.451954129999997,-7.630750840000000,1,sunflower and peanuts,252,259,15,3767.377626905731631,220,259,8,995.964664701920469
Necarne Forest,H 2356,54.452000300000002,-7.646167006000000,1,sunflower and peanuts,253,260,12,3379.695284383711169,221,260,17,4785.127437677888338
Ness Wood,C 5211,54.943876940000003,-7.189328630000000,1,sunflower and peanuts,254,261,23,4911.859604979715186,222,261,24,5389.842172558069251
Newcastle / Newforge,J 3269,54.552107100000001,-5.960651459000000,1,sunflower and peanuts,255,262,196,23591.237904984918714,223,262,12,2325.653765629308964
Nugents Wood 02,J 5951,54.382805019999999,-5.553411157000000,1,sunflower and peanuts,257,264,80,6322.718602601753446,224,264,4,1388.617313887501496
Old Mountjoy,H 4676,54.630090979999999,-7.288489564000000,1,sunflower and peanuts,258,265,18,3458.206967961712962,225,265,4,2329.368625570228687
Owenreagh,H 4196,54.810168709999999,-7.363091630000000,1,sunflower and peanuts,259,266,4,2141.949455779764321,226,266,4,1796.581653576728513
Oxford island,J 0461,54.486789989999998,-6.396004143000000,1,sunflower and peanuts,260,267,3,2203.943426971271492,227,267,2,671.745227359851469
Parkanaur,H 7362,54.501172590000003,-6.873969848000000,1,sunflower and peanuts,261,268,14,2966.012690523804849,228,268,4,2371.482992624531107
Peatlands Park,H 8960,54.480658859999998,-6.627678457000000,1,sunflower and peanuts,262,269,28,6076.526281721761734,229,269,4,2426.061387076061692
Pomeroy,H 7073,54.600392390000003,-6.917652888000000,1,sunflower and peanuts,263,270,15,4709.647201862427210,230,270,12,3676.327259622704787
Portmush,H 2044,54.344327690000000,-7.693222118000000,1,sunflower and peanuts,264,271,1,434.988343435226682,231,271,6,2516.054551820238430
Portulla,J 4846,54.341234520000000,-5.725053158000000,1,sunflower and peanuts,265,272,33,4729.925637880214708,232,272,12,3670.162775796829010
Pubble Forests,H 3346,54.361619720000000,-7.493117409000000,1,sunflower and peanuts,266,273,8,2299.875925531734083,233,273,18,4330.686769916150297
Pubble Wood,H 3246,54.361683380000002,-7.508499456000000,1,sunflower and peanuts,267,274,7,2564.897508393854423,234,274,6,2025.243926749328466
Rathkeelan,H 3641,54.316501610000003,-7.447574544000000,1,sunflower and peanuts,269,276,9,2612.784869773526225,235,276,4,1312.075472294526890
Reilly wood/Crom estate,H 3425,54.172906269999999,-7.480116435000000,1,sunflower and peanuts,270,277,2,61.799206894230473,236,277,4,1327.726268982222109
Riversdale,H 2351,54.407084359999999,-7.646554190000000,1,sunflower and peanuts,271,278,24,4344.165650470015862,237,278,7,2664.528627392286126
Riversdale,H 2452,54.416021469999997,-7.631074156000000,1,sunflower and peanuts,272,279,9,3031.435129893789963,238,279,14,4108.365325324535661
Roe Valley,C 6720,55.022919829999999,-6.953201018000000,1,sunflower and peanuts,273,280,12,3499.514721598765846,239,280,8,4462.197634709013073
Ross / Stragolan,H 1466,54.542159259999998,-7.784441202000000,1,sunflower and peanuts,274,281,8,2141.465728767688233,240,281,17,4405.301837400129443
Rylagh Wood ,H 4777,54.638981309999998,-7.272846721000000,1,sunflower and peanuts,275,282,6,1988.118735586216189,241,282,4,2444.169929871770364
Scotchtown,H 5486,54.719119929999998,-7.162785347000000,1,sunflower and peanuts,277,284,11,2644.341240254157583,242,284,4,1951.922771587132502
Seagahan Dam,H 9038,54.282905000000000,-6.618907376000000,1,sunflower and peanuts,278,285,26,4699.947745430959912,243,285,28,5160.895869697907983
Seskinore,H 4764,54.522209969999999,-7.274924065000000,1,sunflower and peanuts,279,286,6,1594.320144740751175,244,286,4,2714.101273831335220
Shannaghmore,J 3827,54.173462550000004,-5.887437823000000,1,sunflower and peanuts,280,287,20,5087.282115635085574,245,287,20,5362.431736990886748
Shilnavogy,D 2501,54.841172180000001,-6.055067424000000,1,sunflower and peanuts,281,288,5,852.716562044271882,246,288,10,3421.413599294729465
Silent Valley,J 3021,54.121678629999998,-6.012447512000000,1,sunflower and peanuts,282,289,27,6720.214755158523985,247,289,6,1280.900858469657123
Skinboy,H 3792,54.774549919999998,-7.425808262000000,1,sunflower and peanuts,283,290,6,1421.355592964723883,248,290,6,2102.216277479019936
Slantry,J 0257,54.451275850000002,-6.428229568000000,1,sunflower and peanuts,284,291,77,10355.952560304447616,249,291,4,883.356469204326004
Slaughan glen,H 2774,54.613497240000001,-7.582855719000000,1,sunflower and peanuts,285,292,4,1289.326691479003784,250,292,4,2401.662241761054702
Slievannora bridge,D 1627,55.076765229999999,-6.184577080000000,1,sunflower and peanuts,286,293,5,1527.615075433049697,251,293,24,4347.175669141091930
Slieve Gullion,J 0319,54.109828239999999,-6.425887429000000,1,sunflower and peanuts,287,294,9,3771.284902712281109,252,294,17,1267.492893577322093
Slieve Roosky,J 2023,54.142065100000003,-6.164508973000000,1,sunflower and peanuts,288,295,15,3063.457420709601138,253,295,4,2263.940121863098284
Slieveannora - altaguire bridge,D 1628,55.085743110000003,-6.184170225000000,1,sunflower and peanuts,289,296,11,1461.758050849329493,254,296,10,1412.114238602301157
slieveannora - altnahinch dam,D 1222,55.032791490000001,-6.249131500000000,1,sunflower and peanuts,290,297,7,1089.619090780484612,255,297,8,1173.862914377519473
"Slieveannora, Carntuck",D 1321,55.023587339999999,-6.233895309000000,1,sunflower and peanuts,,,,,256,298,18,2539.919291534694366
Springhill,H 8682,54.678751190000000,-6.667514034000000,1,sunflower and peanuts,291,299,7,2070.849106067699722,257,299,10,3704.145820570516662
Springwell,C 7827,55.084181530000002,-6.779343789000000,1,sunflower and peanuts,292,300,8,2987.576108153526548,258,300,6,2504.372572810832935
St Patricks well,H 5949,54.386223710000003,-7.092616647000000,1,sunflower and peanuts,293,301,3,934.832279961701261,259,301,8,2801.140197350189283
Flagstaff woods,J 1021,54.126340759999998,-6.318180377000000,1,sunflower and peanuts,157,162,38,7529.820409283210211,,,,
Garranard,J 3875,54.604370260000003,-5.865174365000000,1,sunflower and peanuts,160,165,203,19588.229141746942332,,,,
Gilford,J 0747,54.360451859999998,-6.354779774000000,1,sunflower and peanuts,164,170,21,4766.656744714121487,,,,
Glendesha 2,H 9917,54.092651199999999,-6.487676772000000,1,sunflower and peanuts,173,179,26,4770.342132763013069,,,,
Kilbroney wood,J 1817,54.088651499999997,-6.197436200000000,1,sunflower and peanuts,192,198,10,1010.642417603097897,,,,
Killynether,J 4772,54.574906720000001,-5.727516238000000,1,sunflower and peanuts,195,201,55,6779.153236952120096,,,,
Kilmacrew,J 1748,54.367236400000003,-6.200638961000000,1,sunflower and peanuts,196,202,33,6043.795859647480029,,,,
Kilturk Lough,H 3527,54.190805830000002,-7.464572354000000,1,sunflower and peanuts,200,206,3,1083.774231691522345,,,,
Knocknany Road,J 3361,54.480025980000001,-5.948811098000000,1,sunflower and peanuts,204,210,40,5329.559956897833217,,,,
Mary Peters Track,J 3168,54.543389009999999,-5.976540578000000,1,sunflower and peanuts,226,232,114,11680.643713718051004,,,,
McIllroy park,J 2966,54.525946359999999,-6.008298507000000,1,sunflower and peanuts,228,234,91,9275.907924136268775,,,,
Mountstewart,J 5668,54.536313280000002,-5.590590169000000,1,sunflower and peanuts,235,241,1,353.804781001999288,,,,
Moycraig Wood,D 0138,55.178807319999997,-6.415411911000000,1,sunflower and peanuts,240,246,8,1794.304264099865122,,,,
Murlough NNR,J 4135,54.244466529999997,-5.837782437000000,1,sunflower and peanuts,249,256,54,11795.742228418364903,,,,
Murlough NNR 2,J 4035,54.244740659999998,-5.853110640000000,1,sunflower and peanuts,250,257,33,4564.621776699103975,,,,
Nugents Wood 01,J 5952,54.391780240000003,-5.552876842000000,1,sunflower and peanuts,256,263,15,3263.926264354853629,,,,
Randalstown forest,J 0887,54.719416590000002,-6.324749619000000,1,sunflower and peanuts,268,275,23,3527.857749029745264,,,,
Saval Bog,J 2337,54.267060260000001,-6.112907418000000,1,sunflower and peanuts,276,283,12,2945.854161593330446,,,,
Straidkilly,D 3016,54.974556190000001,-5.970527036000000,1,sunflower and peanuts,294,302,3,1686.601515956598632,,,,
Tassagh,H 8637,54.274611559999997,-6.680591043000000,1,sunflower and peanuts,296,304,10,2916.224673123064349,260,304,8,3075.596210952555793
Temple Golf and Country club,J 3558,54.452566439999998,-5.919344948000000,1,sunflower and peanuts,297,305,16,2931.806771251056944,261,305,10,4608.710213632184605
The Argory,H 8758,54.463043579999997,-6.659112214000000,1,sunflower and peanuts,298,306,74,9619.913637454197669,262,306,12,2653.528519459618565
Tievenadarragh,J 4046,54.343490250000002,-5.847964733000000,1,sunflower and peanuts,299,307,47,9377.893410674836559,263,307,2,264.755424239447279
Tievenameena,H 6488,54.735911829999999,-7.007191528000000,1,sunflower and peanuts,300,308,5,1947.201727816715902,264,308,14,3012.586739780712833
"Tipperary Wood, Newcastle",J 3631,54.209906869999998,-5.916236434000000,1,sunflower and peanuts,301,309,104,12828.805048448810339,265,309,20,4353.733814816931044
Tirnamadam north,H 5088,54.737496999999998,-7.224507073000000,1,sunflower and peanuts,302,310,2,1089.409073507122685,266,310,8,3233.530520633816650
Tober Road,D 0424,55.052484530000001,-6.373461112000000,1,sunflower and peanuts,303,311,6,2024.025117587822024,267,311,8,2636.249523214096826
Tollymore 01,J 3332,54.219671150000003,-5.961743414000000,1,sunflower and peanuts,304,312,50,13451.586164325979553,268,312,4,2340.147277300098267
Tollymore 02,J 3423,54.138609189999997,-5.950425136000000,1,sunflower and peanuts,305,313,5,1883.276346881850259,269,313,8,631.113727715596156
Torrosch,J 4373,54.585028610000002,-5.788834781000000,1,sunflower and peanuts,306,314,326,24438.954610907443566,270,314,18,3828.542916922841414
Tullavey,H 2450,54.398055059999997,-7.631235548000000,1,sunflower and peanuts,307,315,20,4352.470048245220823,271,315,6,3722.286281756416429
Tully wood,H 4534,54.252908290000001,-7.310343511000000,1,sunflower and peanuts,308,316,2,1758.069953859218003,272,316,6,2418.052556279690634
Tullycarby wood,H 1150,54.398500970000001,-7.831385691000000,1,sunflower and peanuts,309,317,5,1685.628784997490584,273,317,8,2885.196698781772739
Tullygerravra,H 0147,54.371667989999999,-7.985359722000000,1,sunflower and peanuts,310,318,6,1514.157674013506494,274,318,10,2953.297575630190750
Tullyree,J 3132,54.220185790000002,-5.992384108000000,1,sunflower and peanuts,311,319,30,5489.177624825087150,275,319,6,1739.723793205072980
UFTM,J 4280,54.648145409999998,-5.800902369000000,1,sunflower and peanuts,313,321,189,14297.360587757959365,276,321,4,944.255613060746327
Water hill,H 3477,54.640023260000000,-7.474170036000000,1,sunflower and peanuts,314,322,2,1232.568193549447415,277,322,4,1164.427966531496622
Wood Hills,H 3885,54.711598440000003,-7.411183551000000,1,sunflower and peanuts,315,323,12,4280.496562996213470,278,323,6,2757.282216710590092
Woodburn 1,H 3791,54.765567519999998,-7.425935516000000,1,sunflower and peanuts,316,324,10,2795.167027902496557,279,324,10,2229.089480639185240
Woodburn North Reservoir,J 3790,54.739294489999999,-5.873610150000000,1,sunflower and peanuts,318,326,16,2391.276774720272442,280,326,14,3001.082737597101641
"Woodhill, Kilskeery",H 2655,54.442872780000002,-7.600006287000000,1,sunflower and peanuts,319,327,12,2453.865606497553927,281,327,12,3215.327501549868430
,H 3667,54.550057860000003,-7.444421272000000,2,sunflower,320,328,7,3030.391216910322328,282,328,6,3191.775441090195272
,H 1866,54.542033170000003,-7.722640076000000,2,sunflower,321,329,20,5176.975099430347655,283,329,4,367.518349406613709
,H 4745,54.351539979999998,-7.277933571000000,2,sunflower,322,330,1,652.062467424716374,284,330,6,1417.003552452772055
,H 6566,54.538187120000003,-6.996549219000000,2,sunflower,323,331,1,28.570964780335746,285,331,6,1349.922451521127414
,H 6666,54.538057950000002,-6.981102704000000,2,sunflower,324,332,16,3309.135335440182189,286,332,4,302.101974309514162
,C 6409,54.924521329999997,-7.002550717000000,2,sunflower,325,333,33,8010.168947262201073,287,333,8,3819.125388738858419
,C 4713,54.962336000000001,-7.267015542000000,2,sunflower,326,334,46,6207.507822759919691,288,334,16,2958.262202941812120
,H 8757,54.454062720000003,-6.659405858000000,2,sunflower,328,336,29,5572.996992349783795,289,336,4,2627.170753170615171
,C 4614,54.971410990000003,-7.282465405000000,2,sunflower,329,337,105,9190.661549625203406,290,337,4,841.377890590979632
,H 5277,54.638491469999998,-7.195418434000000,2,sunflower,330,338,7,2231.620481942063634,291,338,4,2416.035509845226898
,H 0541,54.317743780000001,-7.923914358000000,2,sunflower,331,339,18,2582.142576731942427,292,339,8,3874.274923963098445
,J 3096,54.795014899999998,-5.979535900000000,2,sunflower,332,340,31,5693.223712561346474,293,340,4,1976.995181506757262
,D 1237,55.167463710000000,-6.243232199000000,2,sunflower,333,341,3,1179.242559892431700,294,341,35,5838.792163035656813
,C 6022,55.041774719999999,-7.062209795000000,2,sunflower,334,342,30,5683.433356902633022,295,342,24,4486.731050706014685
,C 5421,55.033480290000000,-7.156240917000000,2,sunflower,335,343,96,9211.892138351506219,296,343,16,4855.527383790274143
,J 4478,54.629626600000002,-5.770927367000000,2,sunflower,336,344,9,2800.860283770357000,297,344,4,271.023711027284094
,J 6268,54.534432029999998,-5.497988057000000,2,sunflower,337,345,50,7467.727817466216038,298,345,4,2236.291060064011617
,C 6605,54.888336490000000,-6.972278353000000,2,sunflower,338,346,7,2007.562191910390766,299,346,4,1024.927737852909104
,C 4613,54.962429129999997,-7.282625568000000,2,sunflower,339,347,11,2602.384362536905883,300,347,2,106.332726965011801
,H 2935,54.263046690000003,-7.555712535000000,2,sunflower,340,348,12,1371.958098886612561,301,348,1,1262.976081735359685
,H 1042,54.326654120000001,-7.847049930000000,2,sunflower,341,349,5,1472.482628928147506,302,349,4,2358.564730200624581
,J 3470,54.560559519999998,-5.929308140000000,2,sunflower,342,350,79,11905.646186167250562,303,350,21,5461.953643895423738
,C 6729,55.103748019999998,-6.951088598000000,2,sunflower,343,351,10,1957.255481900292352,304,351,4,1840.094448454402482
,J 3945,54.334786170000001,-5.863795606000000,2,sunflower,344,352,18,2675.760214752013326,305,352,2,390.904013117886734
,C 9704,54.874310090000002,-6.489701004000000,2,sunflower,345,353,76,6319.507230927429191,306,353,22,4711.604466750889515
,H 5093,54.782407210000002,-7.223647646000000,2,sunflower,346,354,10,3695.235587351698086,307,354,16,4813.989590506190325
,D 1233,55.131551459999997,-6.244810174000000,2,sunflower,347,355,1,679.340321620410919,308,355,22,4337.261096746683506
,C 5314,54.970716760000002,-7.173172828000000,2,sunflower,348,356,23,4310.106957866956691,309,356,10,2514.874049340716738
,G 9455,54.443500380000003,-8.093226498000000,2,sunflower,349,357,15,4855.426536267387746,310,357,11,4225.525379634927958
,H 8176,54.625693630000001,-6.746666365000000,2,sunflower,350,358,69,7139.771600327919259,311,358,10,3030.933235117347067
,H 7445,54.348340839999999,-6.862775028000000,2,sunflower,352,360,6,1319.113936686829675,312,360,24,4573.044040958741789
,C 7722,55.039435320000003,-6.796347640000000,2,sunflower,353,361,14,4917.040230047859040,313,361,22,3130.722160703234749
,D 2904,54.867090689999998,-5.991509082000000,2,sunflower,354,362,1,1268.533775989623336,314,362,8,2145.187582479746197
,D 0736,55.159590469999998,-6.322031730000000,2,sunflower,355,363,6,1769.563034815885203,315,363,4,1508.410152345597453
,H 8385,54.706195829999999,-6.713156384000000,2,sunflower,356,364,12,2887.469962673747432,316,364,12,2590.502589969266410
,D 3806,54.882645060000002,-5.850479925000000,2,sunflower,357,365,28,4849.138429435089165,317,365,8,1748.124506081471282
,J 3382,54.668550430000003,-5.939316814000000,2,sunflower,358,366,325,33723.496056814066833,318,366,8,2493.849177394274193
,H 6652,54.412311729999999,-6.984224393000000,2,sunflower,359,367,27,2786.854650749628945,319,367,30,7154.334615629263681
,J 1818,54.097630909999999,-6.197046692000000,2,sunflower,360,368,379,15758.410708356504983,320,368,8,1685.554718915373087
,H 4338,54.289012010000000,-7.340451935000000,2,sunflower,361,369,3,1332.377269455074384,321,369,14,3496.294094362755004
,H 6482,54.682022279999998,-7.008507593000000,2,sunflower,362,370,9,3943.296752507134443,322,370,2,335.472411944706153
,C 5218,55.006748440000003,-7.188060525000000,2,sunflower,364,372,12,3463.587483180982872,323,372,12,2372.740138370035766
,D 0642,55.213676030000002,-6.335467958000000,2,sunflower,365,373,5,2997.532220010302808,324,373,4,2310.471907136723530
,H 1466,54.542159259999998,-7.784441202000000,2,sunflower,366,374,8,2141.465728767688233,325,374,17,4405.301837400129443
,H 1466,54.542159259999998,-7.784441202000000,2,sunflower,367,375,8,2141.465728767688233,326,375,17,4405.301837400129443
,D 1337,55.167236629999998,-6.227548391000000,2,sunflower,368,376,5,1417.079732472260048,327,376,22,5750.882316934485971
,C 5716,54.988238879999997,-7.110324878000000,2,sunflower,369,377,3,579.622524130422676,328,377,6,306.006196023807377
,H 4232,54.235196790000003,-7.356646709000000,2,sunflower,370,378,10,1790.882782488409021,329,378,6,2082.599712677106254
,H 5138,54.288277350000001,-7.217618336000000,2,sunflower,371,379,6,3337.643977524197908,330,379,21,7248.601525376420796
,H 3525,54.172839160000002,-7.464804579000000,2,sunflower,372,380,1,796.823412106038745,331,380,4,1771.285284155352883
,H 0440,54.308769009999999,-7.939293904000000,2,sunflower,373,381,4,500.235435332638190,332,381,1,523.170141786847807
,H 4379,54.657302399999999,-7.334497358000000,2,sunflower,374,382,46,6022.920842939063732,333,382,4,2465.119296083078552
,C 9815,54.972889090000002,-6.470385152000000,2,sunflower,375,383,7,2547.783430298085023,334,383,20,5414.697168970416897
,C 4117,54.998792649999999,-7.360105520000000,2,sunflower,377,385,18,3871.579224104230889,335,385,4,1231.782863441710788
,J 2721,54.122427430000002,-6.058301812000000,2,sunflower,378,386,23,4892.089505856081814,336,386,16,4162.999627584536029
,H 1264,54.524244150000001,-7.815423169000000,2,sunflower,379,387,4,233.856410317638080,337,387,3,1157.081322894511459
,D 2232,55.120215700000003,-6.088552035000000,2,sunflower,380,388,14,4491.797641477346588,338,388,18,3311.252661015725153
,H 4329,54.208164689999997,-7.341741195000000,2,sunflower,381,390,1,1137.350884144663269,339,390,16,4723.579169236181770
,J 0528,54.190246600000002,-6.392190695000000,2,sunflower,382,391,180,15993.897784958384364,340,391,4,2981.296034667625008
,H 7695,54.797109880000001,-6.819110062000000,2,sunflower,383,392,19,3816.187786165227863,341,392,18,3775.133497623221047
,J 3522,54.129369810000000,-5.935581913000000,2,sunflower,384,393,44,6226.511427380980422,342,393,2,314.211897044933949
,J 3629,54.191951349999997,-5.917140177000000,2,sunflower,385,394,3,1288.853789066128456,343,394,8,3302.245929818293007
,C 4921,55.033997409999998,-7.234428224000000,2,sunflower,386,395,60,11528.569622619977963,344,395,9,561.641074376820029
,C 5021,55.033898000000001,-7.218790564000000,2,sunflower,387,396,86,8870.227403003185827,345,396,16,3162.273951097245117
,C 7535,55.156486850000000,-6.824200382000000,2,sunflower,388,397,16,3690.153904484801387,346,397,12,3672.641690005165856
,J 0735,54.252693710000003,-6.359073577000000,2,sunflower,389,398,20,3193.056649285111234,347,398,5,2378.580334328314166
,H 1767,54.551050740000001,-7.738032685000000,2,sunflower,391,400,13,1879.426583430346454,348,400,12,4433.636388166041797
,J 3265,54.516197050000002,-5.962441871000000,2,sunflower,392,401,57,7416.547111058667724,349,401,6,1724.071798079252630
,H 2067,54.550941340000001,-7.691671897000000,2,sunflower,393,402,4,1530.514525201771448,350,402,4,2530.700316755604490
,C 8303,54.867845699999997,-6.708011034000000,2,sunflower,394,403,73,5667.639245508240492,351,403,10,2566.031688735080934
,J 3020,54.112700210000000,-6.012877255000000,2,sunflower,395,404,35,5680.980135187403903,352,404,4,1043.548654315406111
,J 4375,54.602981440000001,-5.787861416000000,2,sunflower,396,405,23,4423.010933720658613,353,405,4,2429.580010308256533
,H 6163,54.511738080000001,-7.058956612000000,2,sunflower,398,407,1,1223.460664059032297,354,407,10,4239.980070592901939
,H 1850,54.398302080000001,-7.723611853000000,2,sunflower,399,408,27,5457.625227362067562,355,408,8,2850.589640348100147
,C 5010,54.935099330000000,-7.220707717000000,2,sunflower,401,410,35,8353.052469384911092,356,410,12,3183.354641153212469
,H 5962,54.502992380000002,-7.090030315000000,2,sunflower,402,411,4,2420.633689277006852,357,411,4,1508.275058624763915
,C 5720,55.024164540000001,-7.109529020000000,2,sunflower,404,413,20,3658.292101273707885,358,413,8,2686.125388113082408
,H 6152,54.412934980000003,-7.061221711000000,2,sunflower,405,414,11,2486.060252739456701,359,414,19,5267.347009189972596
,J 2828,54.185029399999998,-6.040048318000000,2,sunflower,406,415,17,3071.053359428985459,360,415,4,746.253916329759591
,H 2669,54.568635129999997,-7.598774884000000,2,sunflower,408,417,7,2553.839944112456124,361,417,8,2777.324561452587659
,H 9733,54.236723320000003,-6.513086982000000,2,sunflower,409,418,21,4987.086084935880535,362,418,4,546.253814484655322
,D 3014,54.956602349999997,-5.971432429000000,2,sunflower,410,419,27,6042.848920405965146,363,419,16,4097.604735627494847
,H 1941,54.317415670000003,-7.708788791000000,2,sunflower,411,420,38,5815.636564942264158,364,420,24,5779.873004355663397
,J 4078,54.630750610000000,-5.832816929000000,2,sunflower,412,421,253,15586.803602000045430,365,421,4,1986.233705249839204
,H 6560,54.484295969999998,-6.997869719000000,2,sunflower,413,422,14,3634.804958207764685,366,422,8,2007.778967928075417
,H 3324,54.163988029999999,-7.495537737000000,2,sunflower,414,423,4,2542.437733188667153,367,423,26,4503.270330822094365
,H 6894,54.789275429999996,-6.943702573000000,2,sunflower,415,424,6,3166.576680570866301,368,424,22,4843.607916514494718
,H 1871,54.586948430000000,-7.722334636000000,2,sunflower,416,425,1,56.889279430453648,369,425,4,556.269853348730067
,D 0938,55.177111109999998,-6.289900458000000,2,sunflower,418,427,14,2745.294937498140371,370,427,20,4788.552003045293532
,H 8290,54.751263020000003,-6.727258301000000,2,sunflower,419,428,6,1624.737030810921169,371,428,2,322.285420176911543
,J 6164,54.498851410000000,-5.515602357000000,2,sunflower,420,429,9,2496.479556403902279,372,429,4,743.775164937701106
,C 5219,55.015730030000000,-7.187878964000000,2,sunflower,421,430,23,4143.114032159985072,373,430,14,4199.741367026160333
,C 5319,55.015624670000001,-7.172248591000000,2,sunflower,422,431,35,3884.267266709595788,374,431,12,3536.612246589066217
,D 3106,54.884525660000001,-5.959472564000000,2,sunflower,423,432,13,2811.137148162244102,375,432,16,3035.023584973203015
,H 2451,54.407038270000001,-7.631154875000000,2,sunflower,424,433,19,3360.873867229724965,376,433,4,537.541144731478767
,H 1076,54.632084689999999,-7.845903262000000,2,sunflower,425,434,8,4129.737794681381274,377,434,29,8144.830781049803591
,J 2016,54.079210490000001,-6.167284689000000,2,sunflower,426,435,22,4241.560941347180233,378,435,2,707.589516592997143
,D 0436,55.160229149999999,-6.369077096000000,2,sunflower,428,437,20,3213.165998055601904,379,437,2,121.560715113408065
,H 3725,54.172699090000002,-7.434181059000000,2,sunflower,429,438,9,3100.658698618307881,380,438,28,4110.575244462422233
,H 5454,54.431689929999997,-7.168658963000000,2,sunflower,430,439,11,2882.775631720602632,381,439,14,5888.309564130595390
,H 2729,54.209255480000003,-7.586942627000000,2,sunflower,431,440,13,2811.450253969507685,382,440,49,8678.199802446841204
,C 3914,54.972007009999999,-7.391762348000000,2,sunflower,432,441,10,3505.061721807774120,383,441,6,745.360150634602292
,H 4193,54.783221949999998,-7.363515384000000,2,sunflower,433,442,5,2050.231672008578244,384,442,24,5208.653859284493592
,J 1042,54.314916150000002,-6.310495863000000,2,sunflower,434,443,71,7365.059629487041093,385,443,18,3619.685896126619809
,C 5711,54.943331499999999,-7.111317213000000,2,sunflower,435,444,10,2637.122329034752966,386,444,4,489.127700658055176
,H 9051,54.399656329999999,-6.614986559000000,2,sunflower,436,445,20,5585.974002923051557,387,445,2,2285.983720788191931
,C 4215,54.980745550000002,-7.344773996000000,2,sunflower,437,446,111,11098.088751595729263,388,446,9,2112.975834109069638
,H 8542,54.319684690000003,-6.694516856000000,2,sunflower,438,447,11,2471.577967211834675,389,447,2,601.193703246765608
,H 2287,54.730516240000000,-7.659264252000000,2,sunflower,439,448,10,2241.227479059997222,390,448,10,3522.828346870987843
,J 2617,54.086758070000002,-6.075251865000000,2,sunflower,440,449,38,5516.101115163769464,391,449,22,5686.776385747520180
,J 2616,54.077779270000001,-6.075667504000000,2,sunflower,441,450,31,4396.250132660874442,392,450,4,1449.569751524292542
,H 7498,54.824351470000003,-6.849433114000000,2,sunflower,442,451,33,5016.555618992251766,393,451,18,4882.272263431346801
,G 9154,54.434472690000000,-8.139435814000000,2,sunflower,444,453,7,1193.459607953648629,394,453,4,2272.273837763827032
,C 5216,54.988785219999997,-7.188423345000000,2,sunflower,445,454,36,4695.174103978879430,395,454,16,3914.703745466068085
,H 5141,54.315225490000003,-7.217106932000000,2,sunflower,446,455,9,3505.025946441447559,396,455,41,7845.365088141090382
,C 5613,54.961407659999999,-7.126529639000000,2,sunflower,447,456,9,2857.757557060852378,397,456,6,1986.916044350097309
,H 2356,54.452000300000002,-7.646167006000000,2,sunflower,448,457,12,3379.695284383711169,398,457,17,4785.127437677888338
,H 2457,54.460937260000001,-7.630669900000000,2,sunflower,449,458,42,7833.737395166841452,399,458,16,3688.486325550599304
,C 5211,54.943876940000003,-7.189328630000000,2,sunflower,450,459,23,4911.859604979715186,400,459,24,5389.842172558069251
,H 6492,54.771837929999997,-7.006311723000000,2,sunflower,451,460,2,1636.396438430992021,401,460,10,3265.553605357574725
,C 4911,54.944180170000003,-7.236136702000000,2,sunflower,452,461,28,3229.651891263551079,402,461,32,6165.439515890493567
,H 7461,54.492046360000003,-6.858788256000000,2,sunflower,453,462,38,6196.425492291750743,403,462,10,2421.414718903072298
,C 4214,54.971763600000003,-7.344920309000000,2,sunflower,454,463,42,5090.030614465872532,404,463,6,1670.354908103530988
,H 3246,54.361683380000002,-7.508499456000000,2,sunflower,455,464,7,2564.897508393854423,405,464,6,2025.243926749328466
,J 0888,54.728395659999997,-6.324379101000000,2,sunflower,456,465,23,4870.117661011265227,406,465,4,1553.562135266193081
,H 2452,54.416021469999997,-7.631074156000000,2,sunflower,458,467,9,3031.435129893789963,407,467,14,4108.365325324535661
,C 6720,55.022919829999999,-6.953201018000000,2,sunflower,459,468,12,3499.514721598765846,408,468,8,4462.197634709013073
,H 1446,54.362494030000001,-7.785384595000000,2,sunflower,460,469,10,2406.568097347674211,409,469,35,5580.827519337765807
,J 1918,54.097400940000000,-6.181769593000000,2,sunflower,461,470,182,16102.828034799324087,410,470,12,3036.419155514745853
,J 4057,54.442237870000000,-5.842787703000000,2,sunflower,463,472,13,3688.412548535328824,411,472,4,2024.436654406942580
,G 9847,54.371664910000000,-8.031518847999999,2,sunflower,464,473,30,4939.488563640948996,412,473,17,3444.377390540193574
,H 4764,54.522209969999999,-7.274924065000000,2,sunflower,465,474,6,1594.320144740751175,413,474,4,2714.101273831335220
,C 5620,55.024277970000000,-7.125162462000000,2,sunflower,466,475,19,4371.016817155201352,414,475,8,3738.302546477805663
,J 3020,54.112700210000000,-6.012877255000000,2,sunflower,467,476,35,5680.980135187403903,415,476,4,1043.548654315406111
,H 3792,54.774549919999998,-7.425808262000000,2,sunflower,468,477,6,1421.355592964723883,416,477,6,2102.216277479019936
,D 1626,55.067787340000002,-6.184983707000000,2,sunflower,469,478,1,967.956333014395113,417,478,12,2363.528046513087702
,J 2118,54.096935180000003,-6.151216039000000,2,sunflower,471,480,9,2931.337211892803680,418,480,12,1236.394124255682982
,H 2774,54.613497240000001,-7.582855719000000,2,sunflower,472,481,4,1289.326691479003784,419,481,4,2401.662241761054702
,H 8682,54.678751190000000,-6.667514034000000,2,sunflower,473,482,7,2070.849106067699722,420,482,10,3704.145820570516662
,C 7626,55.075510960000003,-6.810920864000000,2,sunflower,474,483,7,2277.199838082188762,421,483,11,3908.496605481118422
,C 4219,55.016673240000003,-7.344187929000000,2,sunflower,475,484,371,28590.428146104120970,422,484,16,6725.600514212597773
,C 4417,54.998536950000002,-7.313232583000000,2,sunflower,476,485,438,31261.559430470053485,423,485,1,1072.057092581065262
,D 0640,55.195719210000000,-6.336217246000000,2,sunflower,477,486,1,12.709729396330598,424,486,8,2198.004897213173081
,J 1892,54.762064660000000,-6.167622677000000,2,sunflower,479,488,15,5114.269249662793300,425,488,2,1826.027700346478468
,C 4215,54.980745550000002,-7.344773996000000,2,sunflower,480,489,111,11098.088751595729263,426,489,9,2112.975834109069638
,H 5088,54.737496999999998,-7.224507073000000,2,sunflower,481,490,2,1089.409073507122685,427,490,8,3233.530520633816650
,H 1150,54.398500970000001,-7.831385691000000,2,sunflower,482,491,5,1685.628784997490584,428,491,8,2885.196698781772739
,H 0363,54.515393600000003,-7.954426366000000,2,sunflower,483,492,14,3328.412248679248478,429,492,28,5355.381631423939325
,D 0900,54.835927040000001,-6.304361133000000,2,sunflower,485,494,27,4726.577633849346057,430,494,10,4582.602461583397599
,H 0147,54.371667989999999,-7.985359722000000,2,sunflower,486,495,6,1514.157674013506494,431,495,10,2953.297575630190750
,C 5118,55.006851760000004,-7.203687507000000,2,sunflower,487,496,13,3720.625280102967736,432,496,4,1395.762407604808686
,C 5118,55.006851760000004,-7.203687507000000,2,sunflower,488,497,13,3720.625280102967736,433,497,4,1395.762407604808686
,J 5073,54.583002710000002,-5.680655490000000,2,sunflower,489,498,84,8781.428305474912122,434,498,5,1137.981105863844277
,J 2023,54.142065100000003,-6.164508973000000,2,sunflower,490,499,15,3063.457420709601138,435,499,4,2263.940121863098284
,H 3667,54.550057860000003,-7.444421272000000,3,sunflower and peanuts,491,500,7,3030.391216910322328,436,500,6,3191.775441090195272
,J 0964,54.512679910000003,-6.317782558000000,3,sunflower and peanuts,492,501,15,2391.494282707800267,437,501,22,4266.402741689233153
,H 1886,54.721692179999998,-7.721413247000000,3,sunflower and peanuts,493,502,7,2148.475086391387322,438,502,3,980.218263417463504
,H 4545,54.351720149999998,-7.308689007000000,3,sunflower and peanuts,494,503,4,1673.326752835399930,439,503,4,369.536102890337474
,J 0223,54.145949170000002,-6.439821390000000,3,sunflower and peanuts,495,504,10,3349.506086974463415,440,504,8,3636.165490396575933
,H 4745,54.351539979999998,-7.277933571000000,3,sunflower and peanuts,496,505,1,652.062467424716374,441,505,6,1417.003552452772055
,D 1129,55.095863420000001,-6.262040557000000,3,sunflower and peanuts,497,506,1,152.099523954707223,442,506,32,5856.445053513664789
,H 5183,54.692486310000000,-7.209858051000000,3,sunflower and peanuts,,,,,443,507,10,3549.903886141802559
,H 6667,54.547039720000001,-6.980878805000000,3,sunflower and peanuts,498,508,1,752.235677290686908,444,508,12,2187.557573034226607
,C 4713,54.962336000000001,-7.267015542000000,3,sunflower and peanuts,499,509,46,6207.507822759919691,445,509,16,2958.262202941812120
,H 9555,54.434670599999997,-6.536747634000000,3,sunflower and peanuts,500,510,8,1006.645566213011534,446,510,4,4043.378339995984788
,H 5277,54.638491469999998,-7.195418434000000,3,sunflower and peanuts,501,511,7,2231.620481942063634,447,511,4,2416.035509845226898
,J 3339,54.282516649999998,-5.958640613000000,3,sunflower and peanuts,502,512,27,4187.012486618737967,448,512,23,3382.369221191870565
,J 0322,54.136769510000001,-6.424865579000000,3,sunflower and peanuts,503,513,3,1412.192046372830191,449,513,15,3004.300058747314324
,H 0541,54.317743780000001,-7.923914358000000,3,sunflower and peanuts,504,514,18,2582.142576731942427,450,514,8,3874.274923963098445
,J 3099,54.821946500000003,-5.978190932000000,3,sunflower and peanuts,505,515,5,1273.575850375686969,451,515,12,3278.369930872144323
,C 6022,55.041774719999999,-7.062209795000000,3,sunflower and peanuts,506,516,30,5683.433356902633022,452,516,24,4486.731050706014685
,C 9536,55.162036299999997,-6.510224035000000,3,sunflower and peanuts,507,517,4,1428.534849020855745,453,517,4,2208.193950487758684
,D 1737,55.166308129999997,-6.164815404000000,3,sunflower and peanuts,508,518,5,2254.920991016975677,454,518,8,1019.286434871073652
,H 2935,54.263046690000003,-7.555712535000000,3,sunflower and peanuts,511,521,12,1371.958098886612561,455,521,1,1262.976081735359685
,J 3370,54.560823030000002,-5.944755566000000,3,sunflower and peanuts,512,522,146,14897.886627056219368,456,522,4,696.828712951023363
,J 3470,54.560559519999998,-5.929308140000000,3,sunflower and peanuts,513,523,79,11905.646186167250562,457,523,21,5461.953643895423738
,D 0922,55.033457319999997,-6.296026456000000,3,sunflower and peanuts,514,524,26,5659.684921167212451,458,524,22,4273.710474960563261
,C 9331,55.117518750000002,-6.543228991000000,3,sunflower and peanuts,515,525,7,1485.505471699799500,459,525,10,3459.067762441730338
,C 9605,54.883482409999999,-6.504940391000000,3,sunflower and peanuts,516,526,35,5486.776058063724122,460,526,4,2321.529474250671228
,C 9631,55.116947570000001,-6.496229878000000,3,sunflower and peanuts,517,527,23,5042.460694326424345,461,527,4,2793.635763708910872
,J 3172,54.579299210000002,-5.974760763000000,3,sunflower and peanuts,519,529,319,27299.381041664655640,462,529,4,2425.962444451222837
,J 3946,54.343763410000001,-5.863329857000000,3,sunflower and peanuts,520,530,22,4604.995807432918809,463,530,4,142.217480355155828
,C 9705,54.883289650000002,-6.489365032000000,3,sunflower and peanuts,521,531,19,5450.600276162568662,464,531,30,4427.960279452683608
,H 5093,54.782407210000002,-7.223647646000000,3,sunflower and peanuts,522,532,10,3695.235587351698086,465,532,16,4813.989590506190325
,D 1233,55.131551459999997,-6.244810174000000,3,sunflower and peanuts,523,533,1,679.340321620410919,466,533,22,4337.261096746683506
,C 5314,54.970716760000002,-7.173172828000000,3,sunflower and peanuts,524,534,23,4310.106957866956691,467,534,10,2514.874049340716738
,G 9455,54.443500380000003,-8.093226498000000,3,sunflower and peanuts,525,535,15,4855.426536267387746,468,535,11,4225.525379634927958
,C 7523,55.048721239999999,-6.827361040000000,3,sunflower and peanuts,528,538,8,1924.518420715485263,469,538,16,5185.208408837181196
,J 0525,54.163305999999999,-6.393235780000000,3,sunflower and peanuts,529,539,4,2300.709727094757000,470,539,20,1171.994362247676463
,D 2904,54.867090689999998,-5.991509082000000,3,sunflower and peanuts,530,540,1,1268.533775989623336,471,540,8,2145.187582479746197
,H 8229,54.203416019999999,-6.744161454000000,3,sunflower and peanuts,531,541,16,4430.228008712407245,472,541,5,562.301011424692433
,H 8385,54.706195829999999,-6.713156384000000,3,sunflower and peanuts,532,542,12,2887.469962673747432,473,542,12,2590.502589969266410
,H 4338,54.289012010000000,-7.340451935000000,3,sunflower and peanuts,533,543,3,1332.377269455074384,474,543,14,3496.294094362755004
,H 9147,54.363555759999997,-6.600817108000000,3,sunflower and peanuts,534,544,15,3966.100788512252166,475,544,8,3115.190775118655438
,C 5218,55.006748440000003,-7.188060525000000,3,sunflower and peanuts,537,547,12,3463.587483180982872,476,547,12,2372.740138370035766
,H 1235,54.263726550000001,-7.816591170000000,3,sunflower and peanuts,539,549,25,4604.262668001456404,477,549,16,3287.220084195136224
,H 1234,54.254742980000003,-7.816631116000000,3,sunflower and peanuts,540,550,64,5971.243908876393107,478,550,52,8990.589760833887340
,J 4877,54.619495100000002,-5.709546764000000,3,sunflower and peanuts,541,551,19,4427.254625905180546,479,551,2,1095.629777501123954
,J 4879,54.637446850000003,-5.708537237000000,3,sunflower and peanuts,542,552,15,4473.807597055199949,480,552,1,194.738267635492605
,J 0143,54.325753820000003,-6.448392339000000,3,sunflower and peanuts,543,553,35,4593.747936636838858,481,553,18,3643.383013408376428
,D 0642,55.213676030000002,-6.335467958000000,3,sunflower and peanuts,544,554,5,2997.532220010302808,482,554,4,2310.471907136723530
,D 0741,55.204482360000000,-6.320143503000000,3,sunflower and peanuts,545,555,3,1980.135921244066139,483,555,4,1330.417959655475670
,H 1466,54.542159259999998,-7.784441202000000,3,sunflower and peanuts,546,556,8,2141.465728767688233,484,556,17,4405.301837400129443
,H 2047,54.371277700000000,-7.693021024000000,3,sunflower and peanuts,547,557,7,1896.777609956088781,485,557,4,2315.248243807715426
,H 9527,54.183213109999997,-6.545644201000000,3,sunflower and peanuts,548,558,18,4714.784806849571396,486,558,8,1094.052044152239205
,J 2870,54.562111020000003,-6.021996387000000,3,sunflower and peanuts,549,559,333,27320.602035716707178,487,559,4,2390.619362007250857
,J 2672,54.580568319999998,-6.052037922000000,3,sunflower and peanuts,550,560,25,5933.128141048417092,488,560,4,2270.627558532318290
,D 1337,55.167236629999998,-6.227548391000000,3,sunflower and peanuts,551,561,5,1417.079732472260048,489,561,22,5750.882316934485971
,H 4232,54.235196790000003,-7.356646709000000,3,sunflower and peanuts,552,562,10,1790.882782488409021,490,562,6,2082.599712677106254
,H 4231,54.226213700000002,-7.356786474000000,3,sunflower and peanuts,553,563,18,3015.350144487424132,491,563,4,2636.939844643195556
,J 4292,54.755861150000001,-5.795064371000000,3,sunflower and peanuts,554,564,11,2922.684313921283774,492,564,4,2661.369951276050870
,J 0414,54.064725209999999,-6.412319882000000,3,sunflower and peanuts,555,565,38,5901.753028274009921,493,565,1,202.248945701701899
,H 5138,54.288277350000001,-7.217618336000000,3,sunflower and peanuts,556,566,6,3337.643977524197908,494,566,21,7248.601525376420796
,H 0440,54.308769009999999,-7.939293904000000,3,sunflower and peanuts,557,567,4,500.235435332638190,495,567,1,523.170141786847807
,J 6052,54.391467370000001,-5.537497142000000,3,sunflower and peanuts,558,568,23,3240.558487514309036,496,568,4,2229.091846624387472
,C 9917,54.990650219999999,-6.454085286000000,3,sunflower and peanuts,559,569,5,2574.296515048386482,497,569,2,317.271383038169688
,D 2718,54.993283110000000,-6.016461216000000,3,sunflower and peanuts,560,570,5,2095.228376073706841,498,570,28,5959.156833258339248
,J 4681,54.655980860000000,-5.738489083000000,3,sunflower and peanuts,561,571,47,5780.775550922863658,499,571,10,2344.008619796893527
,J 2722,54.131406069999997,-6.057881737000000,3,sunflower and peanuts,562,572,11,2713.505462348225137,500,572,8,2251.378256046735714
,H 1264,54.524244150000001,-7.815423169000000,3,sunflower and peanuts,563,573,4,233.856410317638080,501,573,3,1157.081322894511459
,H 8630,54.211742760000000,-6.682596367000000,3,sunflower and peanuts,564,574,15,4329.273179009729574,502,574,18,3472.090101398317074
,H 7086,54.717150680000003,-6.914543618000000,3,sunflower and peanuts,565,575,21,6095.313728746116794,503,575,20,4598.125097172131063
,H 7384,54.698762490000000,-6.868502202000000,3,sunflower and peanuts,566,576,2,1398.485935426537935,504,576,4,842.569734572064135
,J 2419,54.105200940000003,-6.104977847000000,3,sunflower and peanuts,567,577,3,2044.217013598024550,505,577,16,4137.405890215484760
,H 3241,54.316767560000002,-7.509035338000000,3,sunflower and peanuts,569,579,7,2248.403682077890608,506,579,4,626.345727899183430
,J 1225,54.161828550000003,-6.286119904000000,3,sunflower and peanuts,570,580,15,1899.835469013904230,507,580,2,337.742537604317022
,H 2627,54.191340120000000,-7.602440875000000,3,sunflower and peanuts,571,581,5,2784.302278942273006,508,581,5,4168.984785727243434
,H 4329,54.208164689999997,-7.341741195000000,3,sunflower and peanuts,572,582,1,1137.350884144663269,509,582,16,4723.579169236181770
,H 7695,54.797109880000001,-6.819110062000000,3,sunflower and peanuts,573,583,19,3816.187786165227863,510,583,18,3775.133497623221047
,J 0528,54.190246600000002,-6.392190695000000,3,sunflower and peanuts,574,584,180,15993.897784958384364,511,584,4,2981.296034667625008
,J 3828,54.182440180000000,-5.886979948000000,3,sunflower and peanuts,,,,,512,586,6,888.609430528887401
,C 7535,55.156486850000000,-6.824200382000000,3,sunflower and peanuts,576,587,16,3690.153904484801387,513,587,12,3672.641690005165856
,J 0835,54.252483900000001,-6.343737914000000,3,sunflower and peanuts,577,588,18,4722.754481444890189,514,588,4,1421.450100593392335
,H 1767,54.551050740000001,-7.738032685000000,3,sunflower and peanuts,579,590,13,1879.426583430346454,515,590,12,4433.636388166041797
,J 0537,54.271067590000001,-6.389045133000000,3,sunflower and peanuts,580,591,4,1191.086197535998508,516,591,4,2296.130817674208629
,H 8770,54.570812689999997,-6.655575862000000,3,sunflower and peanuts,581,592,23,3559.879928921619921,517,592,4,2538.671861481826909
,H 2067,54.550941340000001,-7.691671897000000,3,sunflower and peanuts,582,593,4,1530.514525201771448,518,593,4,2530.700316755604490
,H 2244,54.344245510000000,-7.662470309000000,3,sunflower and peanuts,585,596,48,6872.188104494477557,519,596,8,3893.541136679462397
,C 5010,54.935099330000000,-7.220707717000000,3,sunflower and peanuts,586,597,35,8353.052469384911092,520,597,12,3183.354641153212469
,C 5720,55.024164540000001,-7.109529020000000,3,sunflower and peanuts,588,599,20,3658.292101273707885,521,599,8,2686.125388113082408
,H 6153,54.421917149999999,-7.061016358000000,3,sunflower and peanuts,589,600,22,3282.499035758631635,522,600,31,4710.369221108647253
,H 9133,54.237823450000000,-6.605075886000000,3,sunflower and peanuts,590,601,7,2870.178615024507508,523,601,4,1912.427960262115221
,H 8930,54.211231210000001,-6.636628609000000,3,sunflower and peanuts,591,602,7,3468.274061156917469,524,602,19,2672.315864530070485
,J 2828,54.185029399999998,-6.040048318000000,3,sunflower and peanuts,592,603,17,3071.053359428985459,525,603,4,746.253916329759591
,H 2669,54.568635129999997,-7.598774884000000,3,sunflower and peanuts,593,604,7,2553.839944112456124,526,604,8,2777.324561452587659
,D 2922,55.028677410000000,-5.983432021000000,3,sunflower and peanuts,594,605,9,2064.128427789054513,527,605,22,8118.767729329626491
,C 9529,55.099181340000001,-6.512563569000000,3,sunflower and peanuts,,,,,528,606,10,3593.833989086563179
,C 8216,54.984755329999999,-6.719878849000000,3,sunflower and peanuts,595,607,22,3387.088332979114512,529,607,14,4464.439095018893568
,H 4638,54.288751169999998,-7.294388695000000,3,sunflower and peanuts,596,608,6,1685.894694797484135,530,608,30,5265.083717033381618
,H 9733,54.236723320000003,-6.513086982000000,3,sunflower and peanuts,597,609,21,4987.086084935880535,531,609,4,546.253814484655322
,D 3011,54.929671460000002,-5.972788635000000,3,sunflower and peanuts,598,610,20,5990.619358232205741,532,610,18,3545.339900803307955
,D 3013,54.947625400000000,-5.971884749000000,3,sunflower and peanuts,599,611,19,5074.145115456264648,533,611,22,4822.413570413329580
,D 1821,55.022427860000001,-6.155760004000000,3,sunflower and peanuts,600,612,3,1460.564263431686186,534,612,12,4367.365255366426936
,H 5380,54.665333869999998,-7.179390079000000,3,sunflower and peanuts,601,613,3,423.361587255788777,535,613,10,3139.643120971809822
,H 1941,54.317415670000003,-7.708788791000000,3,sunflower and peanuts,602,614,38,5815.636564942264158,536,614,24,5779.873004355663397
,D 2031,55.111725839999998,-6.120302398000000,3,sunflower and peanuts,604,616,7,1888.884801141643948,537,616,28,4240.813241093971556
,H 6560,54.484295969999998,-6.997869719000000,3,sunflower and peanuts,605,617,14,3634.804958207764685,538,617,8,2007.778967928075417
,H 6893,54.780294130000001,-6.943936721000000,3,sunflower and peanuts,606,618,2,1616.528348685898663,539,618,6,585.766419218385636
,H 4782,54.683892749999998,-7.272043767000000,3,sunflower and peanuts,607,619,17,4152.154172130457482,540,619,20,4773.435411689001739
,H 2722,54.146370959999999,-7.587569356000000,3,sunflower and peanuts,608,620,6,2793.422658609303198,541,620,52,9692.918633737292112
,C 7815,54.976416389999997,-6.782616188000000,3,sunflower and peanuts,609,621,5,1938.797261442430681,542,621,10,3447.270364306091324
,H 9740,54.299587289999998,-6.510821681000000,3,sunflower and peanuts,610,622,35,6802.759810758365347,543,622,10,4873.302685843264953
,J 4643,54.314880320000000,-5.757246080000000,3,sunflower and peanuts,611,623,29,4284.626055976902535,544,623,10,3275.436884141672181
,C 9839,55.188389110000003,-6.462136125000000,3,sunflower and peanuts,612,624,3,1102.096979319884895,545,624,6,1445.453922344764351
,H 1076,54.632084689999999,-7.845903262000000,3,sunflower and peanuts,614,626,8,4129.737794681381274,546,626,29,8144.830781049803591
,H 1645,54.353451939999999,-7.754672581000000,3,sunflower and peanuts,616,628,2,154.068560636489195,547,628,4,2448.813797702583543
,D 0436,55.160229149999999,-6.369077096000000,3,sunflower and peanuts,617,629,20,3213.165998055601904,548,629,2,121.560715113408065
,H 5454,54.431689929999997,-7.168658963000000,3,sunflower and peanuts,618,630,11,2882.775631720602632,549,630,14,5888.309564130595390
,H 4193,54.783221949999998,-7.363515384000000,3,sunflower and peanuts,619,631,5,2050.231672008578244,550,631,24,5208.653859284493592
,H 4826,54.180772589999997,-7.265597665000000,3,sunflower and peanuts,620,632,22,2279.227337369102315,551,632,27,5754.787263507474563
,H 4041,54.316204350000000,-7.386114807000000,3,sunflower and peanuts,621,633,6,2108.620376397778273,552,633,4,1412.060940932923586
,H 7982,54.679896050000004,-6.776004409000000,3,sunflower and peanuts,622,634,24,4108.571828414961601,553,634,12,3332.087503247370478
,H 8081,54.670757549999998,-6.760778948000000,3,sunflower and peanuts,623,635,28,5528.348150904036629,554,635,4,805.906965758297360
,H 2171,54.586832950000002,-7.675933166000000,3,sunflower and peanuts,624,636,15,3191.216745248231291,555,636,16,3551.071545738751411
,H 7488,54.734541190000002,-6.851980420000000,3,sunflower and peanuts,,,,,556,637,4,81.432233315608784
,J 1042,54.314916150000002,-6.310495863000000,3,sunflower and peanuts,625,638,71,7365.059629487041093,557,638,18,3619.685896126619809
,C 4215,54.980745550000002,-7.344773996000000,3,sunflower and peanuts,626,639,111,11098.088751595729263,558,639,9,2112.975834109069638
,H 9152,54.408459460000003,-6.599288175000000,3,sunflower and peanuts,627,640,64,10582.366965079028887,559,640,6,2789.310902889432327
,H 1081,54.676999639999998,-7.845732816000000,3,sunflower and peanuts,628,641,1,30.049510265598009,560,641,55,11101.892696430544675
,D 0134,55.142891980000002,-6.416835903000000,3,sunflower and peanuts,630,643,4,1733.393573512289549,561,643,12,2790.209759077299623
,J 5571,54.563545910000002,-5.604446601000000,3,sunflower and peanuts,632,645,26,6124.547835111137829,562,645,6,1549.122566420088560
,H 1772,54.595965990000003,-7.737744078000000,3,sunflower and peanuts,633,646,6,2630.621138320777391,563,646,5,1932.201622007851711
,G 9154,54.434472690000000,-8.139435814000000,3,sunflower and peanuts,635,648,7,1193.459607953648629,564,648,4,2272.273837763827032
,C 5216,54.988785219999997,-7.188423345000000,3,sunflower and peanuts,636,649,36,4695.174103978879430,565,649,16,3914.703745466068085
,H 5141,54.315225490000003,-7.217106932000000,3,sunflower and peanuts,637,650,9,3505.025946441447559,566,650,41,7845.365088141090382
,H 3523,54.154872429999998,-7.465036550000000,3,sunflower and peanuts,638,651,8,581.178562050996106,567,651,11,1977.356226591067752
,H 2356,54.452000300000002,-7.646167006000000,3,sunflower and peanuts,642,655,12,3379.695284383711169,568,655,17,4785.127437677888338
,C 5211,54.943876940000003,-7.189328630000000,3,sunflower and peanuts,643,656,23,4911.859604979715186,569,656,24,5389.842172558069251
,J 5951,54.382805019999999,-5.553411157000000,3,sunflower and peanuts,644,657,80,6322.718602601753446,570,657,4,1388.617313887501496
,H 7073,54.600392390000003,-6.917652888000000,3,sunflower and peanuts,645,658,15,4709.647201862427210,571,658,12,3676.327259622704787
,J 5682,54.661965129999999,-5.583154965000000,3,sunflower and peanuts,646,659,18,4275.803813154721865,572,659,4,2709.853043124670876
,H 3246,54.361683380000002,-7.508499456000000,3,sunflower and peanuts,647,660,7,2564.897508393854423,573,660,6,2025.243926749328466
,J 4077,54.621773970000000,-5.833294347000000,3,sunflower and peanuts,649,662,55,8335.348150790034197,574,662,2,52.367605938661086
,H 3425,54.172906269999999,-7.480116435000000,3,sunflower and peanuts,650,663,2,61.799206894230473,575,663,4,1327.726268982222109
,H 2351,54.407084359999999,-7.646554190000000,3,sunflower and peanuts,651,664,24,4344.165650470015862,576,664,7,2664.528627392286126
,H 2452,54.416021469999997,-7.631074156000000,3,sunflower and peanuts,652,665,9,3031.435129893789963,577,665,14,4108.365325324535661
,J 2325,54.159314440000003,-6.117815267000000,3,sunflower and peanuts,653,666,7,2406.729504946753877,578,666,14,3558.130810831116378
,C 6720,55.022919829999999,-6.953201018000000,3,sunflower and peanuts,654,667,12,3499.514721598765846,579,667,8,4462.197634709013073
,H 1446,54.362494030000001,-7.785384595000000,3,sunflower and peanuts,655,668,10,2406.568097347674211,580,668,35,5580.827519337765807
,J 4057,54.442237870000000,-5.842787703000000,3,sunflower and peanuts,657,670,13,3688.412548535328824,581,670,4,2024.436654406942580
,G 9847,54.371664910000000,-8.031518847999999,3,sunflower and peanuts,659,672,30,4939.488563640948996,582,672,17,3444.377390540193574
,J 3943,54.316831639999997,-5.864726340000000,3,sunflower and peanuts,660,673,18,3032.568463614340544,583,673,6,2235.716265423213372
,H 9038,54.282905000000000,-6.618907376000000,3,sunflower and peanuts,661,674,26,4699.947745430959912,584,674,28,5160.895869697907983
,H 4764,54.522209969999999,-7.274924065000000,3,sunflower and peanuts,662,675,6,1594.320144740751175,585,675,4,2714.101273831335220
,D 2501,54.841172180000001,-6.055067424000000,3,sunflower and peanuts,663,676,5,852.716562044271882,586,676,10,3421.413599294729465
,H 3792,54.774549919999998,-7.425808262000000,3,sunflower and peanuts,664,677,6,1421.355592964723883,587,677,6,2102.216277479019936
,J 0318,54.100847790000003,-6.426227674000000,3,sunflower and peanuts,665,678,7,2439.083128370369195,588,678,8,2783.059007846423810
,J 0219,54.110027250000002,-6.441171012000000,3,sunflower and peanuts,666,679,6,3536.879084011628038,589,679,14,1934.654152425141774
,D 1628,55.085743110000003,-6.184170225000000,3,sunflower and peanuts,667,680,11,1461.758050849329493,590,680,10,1412.114238602301157
,D 1627,55.076765229999999,-6.184577080000000,3,sunflower and peanuts,668,681,5,1527.615075433049697,591,681,24,4347.175669141091930
,D 1321,55.023587339999999,-6.233895309000000,3,sunflower and peanuts,,,,,592,682,18,2539.919291534694366
,H 2773,54.604514389999999,-7.582947642000000,3,sunflower and peanuts,669,683,4,1354.008315830546280,593,683,8,5378.232070618285434
,J 2628,54.185523920000001,-6.070664836000000,3,sunflower and peanuts,670,684,8,2896.857993528200041,594,684,4,2312.110738055588172
,H 8682,54.678751190000000,-6.667514034000000,3,sunflower and peanuts,671,685,7,2070.849106067699722,595,685,10,3704.145820570516662
,C 7827,55.084181530000002,-6.779343789000000,3,sunflower and peanuts,672,686,8,2987.576108153526548,596,686,6,2504.372572810832935
,J 1892,54.762064660000000,-6.167622677000000,3,sunflower and peanuts,674,688,15,5114.269249662793300,597,688,2,1826.027700346478468
,H 8637,54.274611559999997,-6.680591043000000,3,sunflower and peanuts,675,689,10,2916.224673123064349,598,689,8,3075.596210952555793
,C 4215,54.980745550000002,-7.344773996000000,3,sunflower and peanuts,676,690,111,11098.088751595729263,599,690,9,2112.975834109069638
,H 8758,54.463043579999997,-6.659112214000000,3,sunflower and peanuts,677,691,74,9619.913637454197669,600,691,12,2653.528519459618565
,H 5579,54.656137889999997,-7.148587076000000,3,sunflower and peanuts,678,692,4,1944.803303884045818,601,692,4,1023.895001266813665
,J 0214,54.065124519999998,-6.442853904000000,3,sunflower and peanuts,679,693,17,2854.324487919247986,602,693,6,3057.128119107998373
,J 4046,54.343490250000002,-5.847964733000000,3,sunflower and peanuts,680,694,47,9377.893410674836559,603,694,2,264.755424239447279
,H 5088,54.737496999999998,-7.224507073000000,3,sunflower and peanuts,681,695,2,1089.409073507122685,604,695,8,3233.530520633816650
,J 2218,54.096699399999999,-6.135939588000000,3,sunflower and peanuts,682,696,3,1772.198492823621564,605,696,12,1769.952916754992430
,H 4534,54.252908290000001,-7.310343511000000,3,sunflower and peanuts,683,697,2,1758.069953859218003,606,697,6,2418.052556279690634
,H 1150,54.398500970000001,-7.831385691000000,3,sunflower and peanuts,684,698,5,1685.628784997490584,607,698,8,2885.196698781772739
,D 0900,54.835927040000001,-6.304361133000000,3,sunflower and peanuts,686,700,27,4726.577633849346057,608,700,10,4582.602461583397599
,H 0147,54.371667989999999,-7.985359722000000,3,sunflower and peanuts,687,701,6,1514.157674013506494,609,701,10,2953.297575630190750
,J 3132,54.220185790000002,-5.992384108000000,3,sunflower and peanuts,688,702,30,5489.177624825087150,610,702,6,1739.723793205072980
,H 1760,54.488168829999999,-7.738435403000000,3,sunflower and peanuts,689,703,1,37.118208002468364,611,703,1,709.719030230960470
,J 3791,54.748271180000003,-5.873139570000000,3,sunflower and peanuts,690,704,25,5679.284708249436335,612,704,30,4615.958724535630608
,J 2023,54.142065100000003,-6.164508973000000,3,sunflower and peanuts,692,706,15,3063.457420709601138,613,706,4,2263.940121863098284
Stranmillis,J 3371,54.569800409999999,-5.944303709000000,1,sunflower and peanuts,295,303,167,16631.893299545150512,,,,
Tullyvocardy/Derrin Mountain,H 0664,54.524350349999999,-7.908085126000000,1,sunflower and peanuts,312,320,1,763.736168403810780,,,,
Woodburn 2,J 3589,54.730858030000000,-5.905103489000000,1,sunflower and peanuts,317,325,16,3892.378410532485759,,,,
,H 9155,54.435401499999998,-6.598368799000000,2,sunflower,327,335,20,3988.772791535376655,,,,
,J 4577,54.620364490000000,-5.755950073000000,2,sunflower,351,359,53,14337.569553335273667,,,,
,J 3237,54.264819590000002,-5.974865186000000,2,sunflower,363,371,60,11811.353575040988289,,,,
,J 3670,54.560026590000000,-5.898414044000000,2,sunflower,376,384,133,15084.140193200935755,,,,
,H 7085,54.708169359999999,-6.914783586000000,2,sunflower,,,,,,,,
,H 7677,54.635451369999998,-6.823800892000000,2,sunflower,390,399,14,4115.607342325989521,,,,
,H 6161,54.493774000000002,-7.059369468000000,2,sunflower,397,406,2,1099.068392663185477,,,,
,C 4619,55.016320039999997,-7.281663254000000,2,sunflower,400,409,174,17503.234246959316806,,,,
,J 1020,54.117360820000002,-6.318544112000000,2,sunflower,403,412,40,4920.946960267714530,,,,
,D 0520,55.016359420000001,-6.359290020000000,2,sunflower,407,416,41,6685.881524016744152,,,,
,C 4619,55.016320039999997,-7.281663254000000,2,sunflower,417,426,174,17503.234246959316806,,,,
,J 4772,54.574906720000001,-5.727516238000000,2,sunflower,427,436,55,6779.153236952120096,,,,
,D 0138,55.178807319999997,-6.415411911000000,2,sunflower,443,452,8,1794.304264099865122,,,,
,H 3325,54.172971439999998,-7.495428353000000,2,sunflower,457,466,3,816.719452753343489,,,,
,J 1817,54.088651499999997,-6.197436200000000,2,sunflower,462,471,10,1010.642417603097897,,,,
,J 2119,54.105914349999999,-6.150816428000000,2,sunflower,470,479,12,4774.181335853999371,,,,
,D 3016,54.974556190000001,-5.970527036000000,2,sunflower,478,487,3,1686.601515956598632,,,,
,H 0664,54.524350349999999,-7.908085126000000,2,sunflower,484,493,1,763.736168403810780,,,,
,H 8598,54.822608610000003,-6.678338775000000,3,sunflower and peanuts,509,519,18,3278.082309196532151,,,,
,J 6168,54.534750490000000,-5.513420997000000,3,sunflower and peanuts,510,520,18,3777.578280778105182,,,,
,H 6381,54.673166479999999,-7.024224343000000,3,sunflower and peanuts,518,528,3,832.646977313096045,,,,
,J 4577,54.620364490000000,-5.755950073000000,3,sunflower and peanuts,526,536,53,14337.569553335273667,,,,
,C 7821,55.030299210000003,-6.780982721000000,3,sunflower and peanuts,527,537,6,4303.581076729359665,,,,
,J 3237,54.264819590000002,-5.974865186000000,3,sunflower and peanuts,535,545,60,11811.353575040988289,,,,
,J 3279,54.641881110000000,-5.956158129000000,3,sunflower and peanuts,536,546,16,5995.789424091375622,,,,
,H 4151,54.405954330000000,-7.369374801000000,3,sunflower and peanuts,538,548,21,3976.329342505970544,,,,
,H 9178,54.641952799999999,-6.591269604000000,3,sunflower and peanuts,568,578,5,2596.681806114731444,,,,
,J 3525,54.156303659999999,-5.934241013000000,3,sunflower and peanuts,575,585,21,5736.842454174069644,,,,
,H 7677,54.635451369999998,-6.823800892000000,3,sunflower and peanuts,578,589,14,4115.607342325989521,,,,
,H 1851,54.407285369999997,-7.723551367000000,3,sunflower and peanuts,583,594,25,7633.793654699607941,,,,
,C 4619,55.016320039999997,-7.281663254000000,3,sunflower and peanuts,584,595,174,17503.234246959316806,,,,
,J 1020,54.117360820000002,-6.318544112000000,3,sunflower and peanuts,587,598,40,4920.946960267714530,,,,
,H 9917,54.092651199999999,-6.487676772000000,3,sunflower and peanuts,603,615,26,4770.342132763013069,,,,
,J 1817,54.088651499999997,-6.197436200000000,3,sunflower and peanuts,613,625,10,1010.642417603097897,,,,
,J 4772,54.574906720000001,-5.727516238000000,3,sunflower and peanuts,615,627,55,6779.153236952120096,,,,
,J 3650,54.380481070000002,-5.907601367000000,3,sunflower and peanuts,629,642,24,3515.482298623508996,,,,
,J 5668,54.536313280000002,-5.590590169000000,3,sunflower and peanuts,631,644,1,353.804781001999288,,,,
,D 0138,55.178807319999997,-6.415411911000000,3,sunflower and peanuts,634,647,8,1794.304264099865122,,,,
,J 4035,54.244740659999998,-5.853110640000000,3,sunflower and peanuts,639,652,33,4564.621776699103975,,,,
,J 4135,54.244466529999997,-5.837782437000000,3,sunflower and peanuts,640,653,54,11795.742228418364903,,,,
,J 1120,54.117146220000002,-6.303258764000000,3,sunflower and peanuts,641,654,34,8688.590947344308006,,,,
,J 0887,54.719416590000002,-6.324749619000000,3,sunflower and peanuts,648,661,23,3527.857749029745264,,,,
,J 1917,54.088421599999997,-6.182162396000000,3,sunflower and peanuts,656,669,70,12591.377296411870702,,,,
,J 2337,54.267060260000001,-6.112907418000000,3,sunflower and peanuts,658,671,12,2945.854161593330446,,,,
,D 3016,54.974556190000001,-5.970527036000000,3,sunflower and peanuts,673,687,3,1686.601515956598632,,,,
,H 0664,54.524350349999999,-7.908085126000000,3,sunflower and peanuts,685,699,1,763.736168403810780,,,,
,J 3589,54.730858030000000,-5.905103489000000,3,sunflower and peanuts,691,705,16,3892.378410532485759,,,,
